ISO-10303-21;
HEADER;
/* Generated by software containing ST-Developer
 * from STEP Tools, Inc. (www.steptools.com) 
 */

FILE_DESCRIPTION(
/* description */ (''),
/* implementation_level */ '2;1');

FILE_NAME(
/* name */ 'lid.step',
/* time_stamp */ '2026-08-30T23:41:11+03:00',
/* author */ (''),
/* organization */ (''),
/* preprocessor_version */ 'ST-DEVELOPER v20.1',
/* originating_system */ 'Autodesk Translation Framework v15.8.0.0',
/* authorisation */ '');

FILE_SCHEMA (('AUTOMOTIVE_DESIGN { 1 0 10303 214 3 1 1 }'));
ENDSEC;

DATA;
#10=MECHANICAL_DESIGN_GEOMETRIC_PRESENTATION_REPRESENTATION('',(#13),#2453);
#11=SHAPE_REPRESENTATION_RELATIONSHIP('SRR','None',#2459,#12);
#12=ADVANCED_BREP_SHAPE_REPRESENTATION('',(#14),#2452);
#13=STYLED_ITEM('',(#2470),#14);
#14=MANIFOLD_SOLID_BREP('Body15',#1516);
#15=CONICAL_SURFACE('',#1540,1.8,0.785398163397437);
#16=CONICAL_SURFACE('',#1547,1.8,0.785398163397448);
#17=CONICAL_SURFACE('',#1554,1.8,0.785398163397448);
#18=CONICAL_SURFACE('',#1561,1.8,0.785398163397437);
#19=CONICAL_SURFACE('',#1587,7.375,0.785398163397448);
#20=FACE_BOUND('',#201,.T.);
#21=FACE_BOUND('',#202,.T.);
#22=FACE_BOUND('',#203,.T.);
#23=FACE_BOUND('',#204,.T.);
#24=FACE_BOUND('',#205,.T.);
#25=FACE_BOUND('',#206,.T.);
#26=FACE_BOUND('',#207,.T.);
#27=FACE_BOUND('',#208,.T.);
#28=FACE_BOUND('',#209,.T.);
#29=FACE_BOUND('',#210,.T.);
#30=FACE_BOUND('',#211,.T.);
#31=FACE_BOUND('',#212,.T.);
#32=FACE_BOUND('',#222,.T.);
#33=FACE_BOUND('',#226,.T.);
#34=FACE_BOUND('',#230,.T.);
#35=FACE_BOUND('',#234,.T.);
#36=FACE_BOUND('',#298,.T.);
#37=FACE_BOUND('',#299,.T.);
#38=FACE_BOUND('',#300,.T.);
#39=FACE_BOUND('',#301,.T.);
#40=FACE_BOUND('',#302,.T.);
#41=FACE_BOUND('',#303,.T.);
#42=FACE_BOUND('',#304,.T.);
#43=FACE_BOUND('',#305,.T.);
#44=FACE_BOUND('',#306,.T.);
#45=FACE_BOUND('',#307,.T.);
#46=FACE_BOUND('',#308,.T.);
#47=FACE_BOUND('',#309,.T.);
#48=PLANE('',#1521);
#49=PLANE('',#1522);
#50=PLANE('',#1533);
#51=PLANE('',#1536);
#52=PLANE('',#1539);
#53=PLANE('',#1545);
#54=PLANE('',#1552);
#55=PLANE('',#1559);
#56=PLANE('',#1566);
#57=PLANE('',#1572);
#58=PLANE('',#1573);
#59=PLANE('',#1574);
#60=PLANE('',#1575);
#61=PLANE('',#1576);
#62=PLANE('',#1577);
#63=PLANE('',#1578);
#64=PLANE('',#1579);
#65=PLANE('',#1580);
#66=PLANE('',#1581);
#67=PLANE('',#1582);
#68=PLANE('',#1583);
#69=PLANE('',#1584);
#70=PLANE('',#1585);
#71=PLANE('',#1586);
#72=PLANE('',#1591);
#73=PLANE('',#1592);
#74=PLANE('',#1593);
#75=PLANE('',#1594);
#76=PLANE('',#1595);
#77=PLANE('',#1596);
#78=PLANE('',#1597);
#79=PLANE('',#1598);
#80=PLANE('',#1599);
#81=PLANE('',#1600);
#82=PLANE('',#1601);
#83=PLANE('',#1602);
#84=PLANE('',#1603);
#85=PLANE('',#1604);
#86=PLANE('',#1605);
#87=PLANE('',#1606);
#88=PLANE('',#1607);
#89=PLANE('',#1608);
#90=PLANE('',#1609);
#91=PLANE('',#1610);
#92=PLANE('',#1611);
#93=PLANE('',#1612);
#94=PLANE('',#1613);
#95=PLANE('',#1614);
#96=PLANE('',#1615);
#97=PLANE('',#1616);
#98=PLANE('',#1617);
#99=PLANE('',#1618);
#100=PLANE('',#1619);
#101=PLANE('',#1620);
#102=PLANE('',#1621);
#103=PLANE('',#1622);
#104=PLANE('',#1623);
#105=PLANE('',#1624);
#106=PLANE('',#1625);
#107=PLANE('',#1626);
#108=PLANE('',#1627);
#109=PLANE('',#1628);
#110=PLANE('',#1629);
#111=PLANE('',#1630);
#112=PLANE('',#1631);
#113=PLANE('',#1632);
#114=FACE_OUTER_BOUND('',#198,.T.);
#115=FACE_OUTER_BOUND('',#199,.T.);
#116=FACE_OUTER_BOUND('',#200,.T.);
#117=FACE_OUTER_BOUND('',#213,.T.);
#118=FACE_OUTER_BOUND('',#214,.T.);
#119=FACE_OUTER_BOUND('',#215,.T.);
#120=FACE_OUTER_BOUND('',#216,.T.);
#121=FACE_OUTER_BOUND('',#217,.T.);
#122=FACE_OUTER_BOUND('',#218,.T.);
#123=FACE_OUTER_BOUND('',#219,.T.);
#124=FACE_OUTER_BOUND('',#220,.T.);
#125=FACE_OUTER_BOUND('',#221,.T.);
#126=FACE_OUTER_BOUND('',#223,.T.);
#127=FACE_OUTER_BOUND('',#224,.T.);
#128=FACE_OUTER_BOUND('',#225,.T.);
#129=FACE_OUTER_BOUND('',#227,.T.);
#130=FACE_OUTER_BOUND('',#228,.T.);
#131=FACE_OUTER_BOUND('',#229,.T.);
#132=FACE_OUTER_BOUND('',#231,.T.);
#133=FACE_OUTER_BOUND('',#232,.T.);
#134=FACE_OUTER_BOUND('',#233,.T.);
#135=FACE_OUTER_BOUND('',#235,.T.);
#136=FACE_OUTER_BOUND('',#236,.T.);
#137=FACE_OUTER_BOUND('',#237,.T.);
#138=FACE_OUTER_BOUND('',#238,.T.);
#139=FACE_OUTER_BOUND('',#239,.T.);
#140=FACE_OUTER_BOUND('',#240,.T.);
#141=FACE_OUTER_BOUND('',#241,.T.);
#142=FACE_OUTER_BOUND('',#242,.T.);
#143=FACE_OUTER_BOUND('',#243,.T.);
#144=FACE_OUTER_BOUND('',#244,.T.);
#145=FACE_OUTER_BOUND('',#245,.T.);
#146=FACE_OUTER_BOUND('',#246,.T.);
#147=FACE_OUTER_BOUND('',#247,.T.);
#148=FACE_OUTER_BOUND('',#248,.T.);
#149=FACE_OUTER_BOUND('',#249,.T.);
#150=FACE_OUTER_BOUND('',#250,.T.);
#151=FACE_OUTER_BOUND('',#251,.T.);
#152=FACE_OUTER_BOUND('',#252,.T.);
#153=FACE_OUTER_BOUND('',#253,.T.);
#154=FACE_OUTER_BOUND('',#254,.T.);
#155=FACE_OUTER_BOUND('',#255,.T.);
#156=FACE_OUTER_BOUND('',#256,.T.);
#157=FACE_OUTER_BOUND('',#257,.T.);
#158=FACE_OUTER_BOUND('',#258,.T.);
#159=FACE_OUTER_BOUND('',#259,.T.);
#160=FACE_OUTER_BOUND('',#260,.T.);
#161=FACE_OUTER_BOUND('',#261,.T.);
#162=FACE_OUTER_BOUND('',#262,.T.);
#163=FACE_OUTER_BOUND('',#263,.T.);
#164=FACE_OUTER_BOUND('',#264,.T.);
#165=FACE_OUTER_BOUND('',#265,.T.);
#166=FACE_OUTER_BOUND('',#266,.T.);
#167=FACE_OUTER_BOUND('',#267,.T.);
#168=FACE_OUTER_BOUND('',#268,.T.);
#169=FACE_OUTER_BOUND('',#269,.T.);
#170=FACE_OUTER_BOUND('',#270,.T.);
#171=FACE_OUTER_BOUND('',#271,.T.);
#172=FACE_OUTER_BOUND('',#272,.T.);
#173=FACE_OUTER_BOUND('',#273,.T.);
#174=FACE_OUTER_BOUND('',#274,.T.);
#175=FACE_OUTER_BOUND('',#275,.T.);
#176=FACE_OUTER_BOUND('',#276,.T.);
#177=FACE_OUTER_BOUND('',#277,.T.);
#178=FACE_OUTER_BOUND('',#278,.T.);
#179=FACE_OUTER_BOUND('',#279,.T.);
#180=FACE_OUTER_BOUND('',#280,.T.);
#181=FACE_OUTER_BOUND('',#281,.T.);
#182=FACE_OUTER_BOUND('',#282,.T.);
#183=FACE_OUTER_BOUND('',#283,.T.);
#184=FACE_OUTER_BOUND('',#284,.T.);
#185=FACE_OUTER_BOUND('',#285,.T.);
#186=FACE_OUTER_BOUND('',#286,.T.);
#187=FACE_OUTER_BOUND('',#287,.T.);
#188=FACE_OUTER_BOUND('',#288,.T.);
#189=FACE_OUTER_BOUND('',#289,.T.);
#190=FACE_OUTER_BOUND('',#290,.T.);
#191=FACE_OUTER_BOUND('',#291,.T.);
#192=FACE_OUTER_BOUND('',#292,.T.);
#193=FACE_OUTER_BOUND('',#293,.T.);
#194=FACE_OUTER_BOUND('',#294,.T.);
#195=FACE_OUTER_BOUND('',#295,.T.);
#196=FACE_OUTER_BOUND('',#296,.T.);
#197=FACE_OUTER_BOUND('',#297,.T.);
#198=EDGE_LOOP('',(#1013,#1014,#1015,#1016));
#199=EDGE_LOOP('',(#1017,#1018,#1019,#1020));
#200=EDGE_LOOP('',(#1021,#1022,#1023,#1024,#1025,#1026,#1027,#1028));
#201=EDGE_LOOP('',(#1029,#1030,#1031,#1032,#1033,#1034));
#202=EDGE_LOOP('',(#1035));
#203=EDGE_LOOP('',(#1036,#1037,#1038,#1039));
#204=EDGE_LOOP('',(#1040,#1041,#1042,#1043));
#205=EDGE_LOOP('',(#1044,#1045,#1046,#1047));
#206=EDGE_LOOP('',(#1048,#1049,#1050,#1051));
#207=EDGE_LOOP('',(#1052,#1053,#1054,#1055));
#208=EDGE_LOOP('',(#1056,#1057,#1058,#1059));
#209=EDGE_LOOP('',(#1060));
#210=EDGE_LOOP('',(#1061));
#211=EDGE_LOOP('',(#1062));
#212=EDGE_LOOP('',(#1063));
#213=EDGE_LOOP('',(#1064,#1065,#1066,#1067));
#214=EDGE_LOOP('',(#1068,#1069,#1070,#1071));
#215=EDGE_LOOP('',(#1072,#1073,#1074,#1075));
#216=EDGE_LOOP('',(#1076,#1077,#1078,#1079));
#217=EDGE_LOOP('',(#1080,#1081,#1082,#1083));
#218=EDGE_LOOP('',(#1084,#1085,#1086,#1087));
#219=EDGE_LOOP('',(#1088,#1089,#1090,#1091));
#220=EDGE_LOOP('',(#1092,#1093,#1094,#1095));
#221=EDGE_LOOP('',(#1096));
#222=EDGE_LOOP('',(#1097));
#223=EDGE_LOOP('',(#1098,#1099,#1100,#1101));
#224=EDGE_LOOP('',(#1102,#1103,#1104,#1105));
#225=EDGE_LOOP('',(#1106));
#226=EDGE_LOOP('',(#1107));
#227=EDGE_LOOP('',(#1108,#1109,#1110,#1111));
#228=EDGE_LOOP('',(#1112,#1113,#1114,#1115));
#229=EDGE_LOOP('',(#1116));
#230=EDGE_LOOP('',(#1117));
#231=EDGE_LOOP('',(#1118,#1119,#1120,#1121));
#232=EDGE_LOOP('',(#1122,#1123,#1124,#1125));
#233=EDGE_LOOP('',(#1126));
#234=EDGE_LOOP('',(#1127));
#235=EDGE_LOOP('',(#1128,#1129,#1130,#1131));
#236=EDGE_LOOP('',(#1132,#1133,#1134,#1135));
#237=EDGE_LOOP('',(#1136,#1137,#1138,#1139));
#238=EDGE_LOOP('',(#1140,#1141,#1142,#1143));
#239=EDGE_LOOP('',(#1144,#1145,#1146,#1147));
#240=EDGE_LOOP('',(#1148,#1149,#1150,#1151));
#241=EDGE_LOOP('',(#1152,#1153,#1154,#1155));
#242=EDGE_LOOP('',(#1156,#1157,#1158,#1159));
#243=EDGE_LOOP('',(#1160,#1161,#1162,#1163));
#244=EDGE_LOOP('',(#1164,#1165,#1166,#1167));
#245=EDGE_LOOP('',(#1168,#1169,#1170,#1171));
#246=EDGE_LOOP('',(#1172,#1173,#1174,#1175));
#247=EDGE_LOOP('',(#1176,#1177,#1178,#1179));
#248=EDGE_LOOP('',(#1180,#1181,#1182,#1183));
#249=EDGE_LOOP('',(#1184,#1185,#1186,#1187));
#250=EDGE_LOOP('',(#1188,#1189,#1190,#1191));
#251=EDGE_LOOP('',(#1192,#1193,#1194,#1195));
#252=EDGE_LOOP('',(#1196,#1197,#1198,#1199));
#253=EDGE_LOOP('',(#1200,#1201,#1202,#1203));
#254=EDGE_LOOP('',(#1204,#1205,#1206,#1207));
#255=EDGE_LOOP('',(#1208,#1209,#1210,#1211));
#256=EDGE_LOOP('',(#1212,#1213,#1214,#1215));
#257=EDGE_LOOP('',(#1216,#1217,#1218,#1219));
#258=EDGE_LOOP('',(#1220,#1221,#1222,#1223));
#259=EDGE_LOOP('',(#1224,#1225,#1226,#1227));
#260=EDGE_LOOP('',(#1228,#1229,#1230,#1231));
#261=EDGE_LOOP('',(#1232,#1233,#1234,#1235));
#262=EDGE_LOOP('',(#1236,#1237,#1238,#1239));
#263=EDGE_LOOP('',(#1240,#1241,#1242,#1243));
#264=EDGE_LOOP('',(#1244,#1245,#1246,#1247));
#265=EDGE_LOOP('',(#1248,#1249,#1250,#1251));
#266=EDGE_LOOP('',(#1252,#1253,#1254,#1255));
#267=EDGE_LOOP('',(#1256,#1257,#1258,#1259));
#268=EDGE_LOOP('',(#1260,#1261,#1262,#1263));
#269=EDGE_LOOP('',(#1264,#1265,#1266,#1267));
#270=EDGE_LOOP('',(#1268,#1269,#1270,#1271));
#271=EDGE_LOOP('',(#1272,#1273,#1274,#1275));
#272=EDGE_LOOP('',(#1276,#1277,#1278,#1279));
#273=EDGE_LOOP('',(#1280,#1281,#1282,#1283));
#274=EDGE_LOOP('',(#1284,#1285,#1286,#1287));
#275=EDGE_LOOP('',(#1288,#1289,#1290,#1291));
#276=EDGE_LOOP('',(#1292,#1293,#1294,#1295));
#277=EDGE_LOOP('',(#1296,#1297,#1298,#1299));
#278=EDGE_LOOP('',(#1300,#1301,#1302,#1303));
#279=EDGE_LOOP('',(#1304,#1305,#1306,#1307));
#280=EDGE_LOOP('',(#1308,#1309,#1310,#1311));
#281=EDGE_LOOP('',(#1312,#1313,#1314,#1315));
#282=EDGE_LOOP('',(#1316,#1317,#1318,#1319));
#283=EDGE_LOOP('',(#1320,#1321,#1322,#1323));
#284=EDGE_LOOP('',(#1324,#1325,#1326,#1327));
#285=EDGE_LOOP('',(#1328,#1329,#1330,#1331));
#286=EDGE_LOOP('',(#1332,#1333,#1334,#1335));
#287=EDGE_LOOP('',(#1336,#1337,#1338,#1339));
#288=EDGE_LOOP('',(#1340,#1341,#1342,#1343));
#289=EDGE_LOOP('',(#1344,#1345,#1346,#1347));
#290=EDGE_LOOP('',(#1348,#1349,#1350,#1351));
#291=EDGE_LOOP('',(#1352,#1353,#1354,#1355));
#292=EDGE_LOOP('',(#1356,#1357,#1358,#1359));
#293=EDGE_LOOP('',(#1360,#1361,#1362,#1363));
#294=EDGE_LOOP('',(#1364,#1365,#1366,#1367));
#295=EDGE_LOOP('',(#1368,#1369,#1370,#1371));
#296=EDGE_LOOP('',(#1372,#1373,#1374,#1375));
#297=EDGE_LOOP('',(#1376,#1377,#1378,#1379,#1380,#1381,#1382,#1383));
#298=EDGE_LOOP('',(#1384));
#299=EDGE_LOOP('',(#1385,#1386,#1387,#1388));
#300=EDGE_LOOP('',(#1389,#1390,#1391,#1392));
#301=EDGE_LOOP('',(#1393,#1394,#1395,#1396));
#302=EDGE_LOOP('',(#1397,#1398,#1399,#1400,#1401,#1402));
#303=EDGE_LOOP('',(#1403,#1404,#1405,#1406));
#304=EDGE_LOOP('',(#1407,#1408,#1409,#1410));
#305=EDGE_LOOP('',(#1411,#1412,#1413,#1414));
#306=EDGE_LOOP('',(#1415));
#307=EDGE_LOOP('',(#1416));
#308=EDGE_LOOP('',(#1417));
#309=EDGE_LOOP('',(#1418));
#310=LINE('',#2043,#482);
#311=LINE('',#2046,#483);
#312=LINE('',#2049,#484);
#313=LINE('',#2051,#485);
#314=LINE('',#2052,#486);
#315=LINE('',#2055,#487);
#316=LINE('',#2059,#488);
#317=LINE('',#2063,#489);
#318=LINE('',#2067,#490);
#319=LINE('',#2069,#491);
#320=LINE('',#2071,#492);
#321=LINE('',#2073,#493);
#322=LINE('',#2075,#494);
#323=LINE('',#2076,#495);
#324=LINE('',#2081,#496);
#325=LINE('',#2083,#497);
#326=LINE('',#2085,#498);
#327=LINE('',#2086,#499);
#328=LINE('',#2089,#500);
#329=LINE('',#2091,#501);
#330=LINE('',#2093,#502);
#331=LINE('',#2094,#503);
#332=LINE('',#2097,#504);
#333=LINE('',#2099,#505);
#334=LINE('',#2101,#506);
#335=LINE('',#2102,#507);
#336=LINE('',#2105,#508);
#337=LINE('',#2107,#509);
#338=LINE('',#2109,#510);
#339=LINE('',#2110,#511);
#340=LINE('',#2113,#512);
#341=LINE('',#2115,#513);
#342=LINE('',#2117,#514);
#343=LINE('',#2118,#515);
#344=LINE('',#2121,#516);
#345=LINE('',#2123,#517);
#346=LINE('',#2125,#518);
#347=LINE('',#2126,#519);
#348=LINE('',#2137,#520);
#349=LINE('',#2141,#521);
#350=LINE('',#2142,#522);
#351=LINE('',#2145,#523);
#352=LINE('',#2149,#524);
#353=LINE('',#2150,#525);
#354=LINE('',#2153,#526);
#355=LINE('',#2156,#527);
#356=LINE('',#2161,#528);
#357=LINE('',#2166,#529);
#358=LINE('',#2174,#530);
#359=LINE('',#2179,#531);
#360=LINE('',#2187,#532);
#361=LINE('',#2192,#533);
#362=LINE('',#2200,#534);
#363=LINE('',#2205,#535);
#364=LINE('',#2210,#536);
#365=LINE('',#2212,#537);
#366=LINE('',#2214,#538);
#367=LINE('',#2216,#539);
#368=LINE('',#2219,#540);
#369=LINE('',#2221,#541);
#370=LINE('',#2222,#542);
#371=LINE('',#2225,#543);
#372=LINE('',#2226,#544);
#373=LINE('',#2229,#545);
#374=LINE('',#2230,#546);
#375=LINE('',#2233,#547);
#376=LINE('',#2234,#548);
#377=LINE('',#2237,#549);
#378=LINE('',#2238,#550);
#379=LINE('',#2240,#551);
#380=LINE('',#2243,#552);
#381=LINE('',#2245,#553);
#382=LINE('',#2246,#554);
#383=LINE('',#2249,#555);
#384=LINE('',#2250,#556);
#385=LINE('',#2253,#557);
#386=LINE('',#2254,#558);
#387=LINE('',#2257,#559);
#388=LINE('',#2259,#560);
#389=LINE('',#2260,#561);
#390=LINE('',#2263,#562);
#391=LINE('',#2264,#563);
#392=LINE('',#2267,#564);
#393=LINE('',#2268,#565);
#394=LINE('',#2270,#566);
#395=LINE('',#2273,#567);
#396=LINE('',#2275,#568);
#397=LINE('',#2276,#569);
#398=LINE('',#2279,#570);
#399=LINE('',#2280,#571);
#400=LINE('',#2283,#572);
#401=LINE('',#2287,#573);
#402=LINE('',#2291,#574);
#403=LINE('',#2293,#575);
#404=LINE('',#2294,#576);
#405=LINE('',#2297,#577);
#406=LINE('',#2299,#578);
#407=LINE('',#2300,#579);
#408=LINE('',#2302,#580);
#409=LINE('',#2304,#581);
#410=LINE('',#2307,#582);
#411=LINE('',#2309,#583);
#412=LINE('',#2310,#584);
#413=LINE('',#2313,#585);
#414=LINE('',#2314,#586);
#415=LINE('',#2317,#587);
#416=LINE('',#2319,#588);
#417=LINE('',#2320,#589);
#418=LINE('',#2323,#590);
#419=LINE('',#2324,#591);
#420=LINE('',#2327,#592);
#421=LINE('',#2328,#593);
#422=LINE('',#2330,#594);
#423=LINE('',#2333,#595);
#424=LINE('',#2335,#596);
#425=LINE('',#2336,#597);
#426=LINE('',#2339,#598);
#427=LINE('',#2340,#599);
#428=LINE('',#2343,#600);
#429=LINE('',#2345,#601);
#430=LINE('',#2346,#602);
#431=LINE('',#2349,#603);
#432=LINE('',#2351,#604);
#433=LINE('',#2352,#605);
#434=LINE('',#2354,#606);
#435=LINE('',#2356,#607);
#436=LINE('',#2359,#608);
#437=LINE('',#2361,#609);
#438=LINE('',#2362,#610);
#439=LINE('',#2365,#611);
#440=LINE('',#2366,#612);
#441=LINE('',#2369,#613);
#442=LINE('',#2371,#614);
#443=LINE('',#2372,#615);
#444=LINE('',#2375,#616);
#445=LINE('',#2376,#617);
#446=LINE('',#2379,#618);
#447=LINE('',#2380,#619);
#448=LINE('',#2382,#620);
#449=LINE('',#2385,#621);
#450=LINE('',#2387,#622);
#451=LINE('',#2388,#623);
#452=LINE('',#2391,#624);
#453=LINE('',#2392,#625);
#454=LINE('',#2395,#626);
#455=LINE('',#2396,#627);
#456=LINE('',#2398,#628);
#457=LINE('',#2401,#629);
#458=LINE('',#2402,#630);
#459=LINE('',#2404,#631);
#460=LINE('',#2407,#632);
#461=LINE('',#2408,#633);
#462=LINE('',#2410,#634);
#463=LINE('',#2413,#635);
#464=LINE('',#2415,#636);
#465=LINE('',#2416,#637);
#466=LINE('',#2418,#638);
#467=LINE('',#2420,#639);
#468=LINE('',#2423,#640);
#469=LINE('',#2424,#641);
#470=LINE('',#2426,#642);
#471=LINE('',#2429,#643);
#472=LINE('',#2430,#644);
#473=LINE('',#2432,#645);
#474=LINE('',#2436,#646);
#475=LINE('',#2437,#647);
#476=LINE('',#2438,#648);
#477=LINE('',#2441,#649);
#478=LINE('',#2442,#650);
#479=LINE('',#2445,#651);
#480=LINE('',#2446,#652);
#481=LINE('',#2448,#653);
#482=VECTOR('',#1639,10.);
#483=VECTOR('',#1642,10.);
#484=VECTOR('',#1645,10.);
#485=VECTOR('',#1646,10.);
#486=VECTOR('',#1647,10.);
#487=VECTOR('',#1650,10.);
#488=VECTOR('',#1653,10.);
#489=VECTOR('',#1656,10.);
#490=VECTOR('',#1659,10.);
#491=VECTOR('',#1660,10.);
#492=VECTOR('',#1661,10.);
#493=VECTOR('',#1662,10.);
#494=VECTOR('',#1663,10.);
#495=VECTOR('',#1664,10.);
#496=VECTOR('',#1667,10.);
#497=VECTOR('',#1668,10.);
#498=VECTOR('',#1669,10.);
#499=VECTOR('',#1670,10.);
#500=VECTOR('',#1671,10.);
#501=VECTOR('',#1672,10.);
#502=VECTOR('',#1673,10.);
#503=VECTOR('',#1674,10.);
#504=VECTOR('',#1675,10.);
#505=VECTOR('',#1676,10.);
#506=VECTOR('',#1677,10.);
#507=VECTOR('',#1678,10.);
#508=VECTOR('',#1679,10.);
#509=VECTOR('',#1680,10.);
#510=VECTOR('',#1681,10.);
#511=VECTOR('',#1682,10.);
#512=VECTOR('',#1683,10.);
#513=VECTOR('',#1684,10.);
#514=VECTOR('',#1685,10.);
#515=VECTOR('',#1686,10.);
#516=VECTOR('',#1687,10.);
#517=VECTOR('',#1688,10.);
#518=VECTOR('',#1689,10.);
#519=VECTOR('',#1690,10.);
#520=VECTOR('',#1701,10.);
#521=VECTOR('',#1706,10.);
#522=VECTOR('',#1707,10.);
#523=VECTOR('',#1710,10.);
#524=VECTOR('',#1715,10.);
#525=VECTOR('',#1716,10.);
#526=VECTOR('',#1719,10.);
#527=VECTOR('',#1724,10.);
#528=VECTOR('',#1729,1.8);
#529=VECTOR('',#1736,1.7);
#530=VECTOR('',#1745,1.8);
#531=VECTOR('',#1752,1.7);
#532=VECTOR('',#1761,1.8);
#533=VECTOR('',#1768,1.7);
#534=VECTOR('',#1777,1.8);
#535=VECTOR('',#1784,1.7);
#536=VECTOR('',#1791,2.65000000000001);
#537=VECTOR('',#1794,2.65000000000001);
#538=VECTOR('',#1797,2.65);
#539=VECTOR('',#1800,2.65);
#540=VECTOR('',#1803,10.);
#541=VECTOR('',#1804,10.);
#542=VECTOR('',#1805,10.);
#543=VECTOR('',#1808,10.);
#544=VECTOR('',#1809,10.);
#545=VECTOR('',#1812,10.);
#546=VECTOR('',#1813,10.);
#547=VECTOR('',#1816,10.);
#548=VECTOR('',#1817,10.);
#549=VECTOR('',#1820,10.);
#550=VECTOR('',#1821,10.);
#551=VECTOR('',#1824,10.);
#552=VECTOR('',#1827,10.);
#553=VECTOR('',#1828,10.);
#554=VECTOR('',#1829,10.);
#555=VECTOR('',#1832,10.);
#556=VECTOR('',#1833,10.);
#557=VECTOR('',#1836,10.);
#558=VECTOR('',#1837,10.);
#559=VECTOR('',#1840,10.);
#560=VECTOR('',#1841,10.);
#561=VECTOR('',#1842,10.);
#562=VECTOR('',#1845,10.);
#563=VECTOR('',#1846,10.);
#564=VECTOR('',#1849,10.);
#565=VECTOR('',#1850,10.);
#566=VECTOR('',#1853,10.);
#567=VECTOR('',#1856,10.);
#568=VECTOR('',#1857,10.);
#569=VECTOR('',#1858,10.);
#570=VECTOR('',#1861,10.);
#571=VECTOR('',#1862,10.);
#572=VECTOR('',#1865,7.375);
#573=VECTOR('',#1870,7.);
#574=VECTOR('',#1875,10.);
#575=VECTOR('',#1876,10.);
#576=VECTOR('',#1877,10.);
#577=VECTOR('',#1880,10.);
#578=VECTOR('',#1881,10.);
#579=VECTOR('',#1882,10.);
#580=VECTOR('',#1885,10.);
#581=VECTOR('',#1888,10.);
#582=VECTOR('',#1891,10.);
#583=VECTOR('',#1892,10.);
#584=VECTOR('',#1893,10.);
#585=VECTOR('',#1896,10.);
#586=VECTOR('',#1897,10.);
#587=VECTOR('',#1900,10.);
#588=VECTOR('',#1901,10.);
#589=VECTOR('',#1902,10.);
#590=VECTOR('',#1905,10.);
#591=VECTOR('',#1906,10.);
#592=VECTOR('',#1909,10.);
#593=VECTOR('',#1910,10.);
#594=VECTOR('',#1913,10.);
#595=VECTOR('',#1916,10.);
#596=VECTOR('',#1917,10.);
#597=VECTOR('',#1918,10.);
#598=VECTOR('',#1921,10.);
#599=VECTOR('',#1922,10.);
#600=VECTOR('',#1925,10.);
#601=VECTOR('',#1926,10.);
#602=VECTOR('',#1927,10.);
#603=VECTOR('',#1930,10.);
#604=VECTOR('',#1931,10.);
#605=VECTOR('',#1932,10.);
#606=VECTOR('',#1935,10.);
#607=VECTOR('',#1938,10.);
#608=VECTOR('',#1941,10.);
#609=VECTOR('',#1942,10.);
#610=VECTOR('',#1943,10.);
#611=VECTOR('',#1946,10.);
#612=VECTOR('',#1947,10.);
#613=VECTOR('',#1950,10.);
#614=VECTOR('',#1951,10.);
#615=VECTOR('',#1952,10.);
#616=VECTOR('',#1955,10.);
#617=VECTOR('',#1956,10.);
#618=VECTOR('',#1959,10.);
#619=VECTOR('',#1960,10.);
#620=VECTOR('',#1963,10.);
#621=VECTOR('',#1966,10.);
#622=VECTOR('',#1967,10.);
#623=VECTOR('',#1968,10.);
#624=VECTOR('',#1971,10.);
#625=VECTOR('',#1972,10.);
#626=VECTOR('',#1975,10.);
#627=VECTOR('',#1976,10.);
#628=VECTOR('',#1979,10.);
#629=VECTOR('',#1982,10.);
#630=VECTOR('',#1983,10.);
#631=VECTOR('',#1986,10.);
#632=VECTOR('',#1989,10.);
#633=VECTOR('',#1990,10.);
#634=VECTOR('',#1993,10.);
#635=VECTOR('',#1996,10.);
#636=VECTOR('',#1997,10.);
#637=VECTOR('',#1998,10.);
#638=VECTOR('',#2001,10.);
#639=VECTOR('',#2004,10.);
#640=VECTOR('',#2007,10.);
#641=VECTOR('',#2008,10.);
#642=VECTOR('',#2011,10.);
#643=VECTOR('',#2014,10.);
#644=VECTOR('',#2015,10.);
#645=VECTOR('',#2018,10.);
#646=VECTOR('',#2021,10.);
#647=VECTOR('',#2022,10.);
#648=VECTOR('',#2023,10.);
#649=VECTOR('',#2026,10.);
#650=VECTOR('',#2027,10.);
#651=VECTOR('',#2030,10.);
#652=VECTOR('',#2031,10.);
#653=VECTOR('',#2034,10.);
#654=CIRCLE('',#1519,5.);
#655=CIRCLE('',#1520,5.);
#656=CIRCLE('',#1523,5.);
#657=CIRCLE('',#1524,5.);
#658=CIRCLE('',#1525,5.);
#659=CIRCLE('',#1526,7.75);
#660=CIRCLE('',#1527,2.65);
#661=CIRCLE('',#1528,2.65);
#662=CIRCLE('',#1529,2.65000000000001);
#663=CIRCLE('',#1530,2.65000000000001);
#664=CIRCLE('',#1532,5.);
#665=CIRCLE('',#1535,5.);
#666=CIRCLE('',#1538,5.);
#667=CIRCLE('',#1541,1.9);
#668=CIRCLE('',#1542,1.7);
#669=CIRCLE('',#1544,1.7);
#670=CIRCLE('',#1546,2.65000000000001);
#671=CIRCLE('',#1548,1.9);
#672=CIRCLE('',#1549,1.7);
#673=CIRCLE('',#1551,1.7);
#674=CIRCLE('',#1553,2.65);
#675=CIRCLE('',#1555,1.9);
#676=CIRCLE('',#1556,1.7);
#677=CIRCLE('',#1558,1.7);
#678=CIRCLE('',#1560,2.65);
#679=CIRCLE('',#1562,1.9);
#680=CIRCLE('',#1563,1.7);
#681=CIRCLE('',#1565,1.7);
#682=CIRCLE('',#1567,2.65000000000001);
#683=CIRCLE('',#1588,7.);
#684=CIRCLE('',#1590,7.);
#685=VERTEX_POINT('',#2039);
#686=VERTEX_POINT('',#2040);
#687=VERTEX_POINT('',#2042);
#688=VERTEX_POINT('',#2044);
#689=VERTEX_POINT('',#2048);
#690=VERTEX_POINT('',#2050);
#691=VERTEX_POINT('',#2054);
#692=VERTEX_POINT('',#2056);
#693=VERTEX_POINT('',#2058);
#694=VERTEX_POINT('',#2060);
#695=VERTEX_POINT('',#2062);
#696=VERTEX_POINT('',#2065);
#697=VERTEX_POINT('',#2066);
#698=VERTEX_POINT('',#2068);
#699=VERTEX_POINT('',#2070);
#700=VERTEX_POINT('',#2072);
#701=VERTEX_POINT('',#2074);
#702=VERTEX_POINT('',#2077);
#703=VERTEX_POINT('',#2079);
#704=VERTEX_POINT('',#2080);
#705=VERTEX_POINT('',#2082);
#706=VERTEX_POINT('',#2084);
#707=VERTEX_POINT('',#2087);
#708=VERTEX_POINT('',#2088);
#709=VERTEX_POINT('',#2090);
#710=VERTEX_POINT('',#2092);
#711=VERTEX_POINT('',#2095);
#712=VERTEX_POINT('',#2096);
#713=VERTEX_POINT('',#2098);
#714=VERTEX_POINT('',#2100);
#715=VERTEX_POINT('',#2103);
#716=VERTEX_POINT('',#2104);
#717=VERTEX_POINT('',#2106);
#718=VERTEX_POINT('',#2108);
#719=VERTEX_POINT('',#2111);
#720=VERTEX_POINT('',#2112);
#721=VERTEX_POINT('',#2114);
#722=VERTEX_POINT('',#2116);
#723=VERTEX_POINT('',#2119);
#724=VERTEX_POINT('',#2120);
#725=VERTEX_POINT('',#2122);
#726=VERTEX_POINT('',#2124);
#727=VERTEX_POINT('',#2127);
#728=VERTEX_POINT('',#2129);
#729=VERTEX_POINT('',#2131);
#730=VERTEX_POINT('',#2133);
#731=VERTEX_POINT('',#2136);
#732=VERTEX_POINT('',#2140);
#733=VERTEX_POINT('',#2144);
#734=VERTEX_POINT('',#2148);
#735=VERTEX_POINT('',#2152);
#736=VERTEX_POINT('',#2158);
#737=VERTEX_POINT('',#2160);
#738=VERTEX_POINT('',#2164);
#739=VERTEX_POINT('',#2168);
#740=VERTEX_POINT('',#2171);
#741=VERTEX_POINT('',#2173);
#742=VERTEX_POINT('',#2177);
#743=VERTEX_POINT('',#2181);
#744=VERTEX_POINT('',#2184);
#745=VERTEX_POINT('',#2186);
#746=VERTEX_POINT('',#2190);
#747=VERTEX_POINT('',#2194);
#748=VERTEX_POINT('',#2197);
#749=VERTEX_POINT('',#2199);
#750=VERTEX_POINT('',#2203);
#751=VERTEX_POINT('',#2207);
#752=VERTEX_POINT('',#2218);
#753=VERTEX_POINT('',#2220);
#754=VERTEX_POINT('',#2224);
#755=VERTEX_POINT('',#2228);
#756=VERTEX_POINT('',#2232);
#757=VERTEX_POINT('',#2236);
#758=VERTEX_POINT('',#2242);
#759=VERTEX_POINT('',#2244);
#760=VERTEX_POINT('',#2248);
#761=VERTEX_POINT('',#2252);
#762=VERTEX_POINT('',#2256);
#763=VERTEX_POINT('',#2258);
#764=VERTEX_POINT('',#2262);
#765=VERTEX_POINT('',#2266);
#766=VERTEX_POINT('',#2272);
#767=VERTEX_POINT('',#2274);
#768=VERTEX_POINT('',#2278);
#769=VERTEX_POINT('',#2282);
#770=VERTEX_POINT('',#2286);
#771=VERTEX_POINT('',#2290);
#772=VERTEX_POINT('',#2292);
#773=VERTEX_POINT('',#2296);
#774=VERTEX_POINT('',#2298);
#775=VERTEX_POINT('',#2306);
#776=VERTEX_POINT('',#2308);
#777=VERTEX_POINT('',#2312);
#778=VERTEX_POINT('',#2316);
#779=VERTEX_POINT('',#2318);
#780=VERTEX_POINT('',#2322);
#781=VERTEX_POINT('',#2326);
#782=VERTEX_POINT('',#2332);
#783=VERTEX_POINT('',#2334);
#784=VERTEX_POINT('',#2338);
#785=VERTEX_POINT('',#2342);
#786=VERTEX_POINT('',#2344);
#787=VERTEX_POINT('',#2348);
#788=VERTEX_POINT('',#2350);
#789=VERTEX_POINT('',#2358);
#790=VERTEX_POINT('',#2360);
#791=VERTEX_POINT('',#2364);
#792=VERTEX_POINT('',#2368);
#793=VERTEX_POINT('',#2370);
#794=VERTEX_POINT('',#2374);
#795=VERTEX_POINT('',#2378);
#796=VERTEX_POINT('',#2384);
#797=VERTEX_POINT('',#2386);
#798=VERTEX_POINT('',#2390);
#799=VERTEX_POINT('',#2394);
#800=VERTEX_POINT('',#2400);
#801=VERTEX_POINT('',#2406);
#802=VERTEX_POINT('',#2412);
#803=VERTEX_POINT('',#2414);
#804=VERTEX_POINT('',#2422);
#805=VERTEX_POINT('',#2428);
#806=VERTEX_POINT('',#2434);
#807=VERTEX_POINT('',#2435);
#808=VERTEX_POINT('',#2440);
#809=VERTEX_POINT('',#2444);
#810=EDGE_CURVE('',#685,#686,#654,.T.);
#811=EDGE_CURVE('',#686,#687,#310,.T.);
#812=EDGE_CURVE('',#687,#688,#655,.T.);
#813=EDGE_CURVE('',#688,#685,#311,.T.);
#814=EDGE_CURVE('',#689,#686,#312,.T.);
#815=EDGE_CURVE('',#690,#689,#313,.T.);
#816=EDGE_CURVE('',#687,#690,#314,.T.);
#817=EDGE_CURVE('',#685,#691,#315,.T.);
#818=EDGE_CURVE('',#692,#691,#656,.T.);
#819=EDGE_CURVE('',#692,#693,#316,.T.);
#820=EDGE_CURVE('',#694,#693,#657,.T.);
#821=EDGE_CURVE('',#694,#695,#317,.T.);
#822=EDGE_CURVE('',#689,#695,#658,.T.);
#823=EDGE_CURVE('',#696,#697,#318,.T.);
#824=EDGE_CURVE('',#698,#696,#319,.T.);
#825=EDGE_CURVE('',#699,#698,#320,.T.);
#826=EDGE_CURVE('',#700,#699,#321,.T.);
#827=EDGE_CURVE('',#701,#700,#322,.T.);
#828=EDGE_CURVE('',#697,#701,#323,.T.);
#829=EDGE_CURVE('',#702,#702,#659,.T.);
#830=EDGE_CURVE('',#703,#704,#324,.T.);
#831=EDGE_CURVE('',#705,#703,#325,.T.);
#832=EDGE_CURVE('',#706,#705,#326,.T.);
#833=EDGE_CURVE('',#704,#706,#327,.T.);
#834=EDGE_CURVE('',#707,#708,#328,.T.);
#835=EDGE_CURVE('',#709,#707,#329,.T.);
#836=EDGE_CURVE('',#710,#709,#330,.T.);
#837=EDGE_CURVE('',#708,#710,#331,.T.);
#838=EDGE_CURVE('',#711,#712,#332,.T.);
#839=EDGE_CURVE('',#712,#713,#333,.T.);
#840=EDGE_CURVE('',#713,#714,#334,.T.);
#841=EDGE_CURVE('',#714,#711,#335,.T.);
#842=EDGE_CURVE('',#715,#716,#336,.T.);
#843=EDGE_CURVE('',#717,#715,#337,.T.);
#844=EDGE_CURVE('',#718,#717,#338,.T.);
#845=EDGE_CURVE('',#716,#718,#339,.T.);
#846=EDGE_CURVE('',#719,#720,#340,.T.);
#847=EDGE_CURVE('',#721,#719,#341,.T.);
#848=EDGE_CURVE('',#722,#721,#342,.T.);
#849=EDGE_CURVE('',#720,#722,#343,.T.);
#850=EDGE_CURVE('',#723,#724,#344,.T.);
#851=EDGE_CURVE('',#725,#723,#345,.T.);
#852=EDGE_CURVE('',#726,#725,#346,.T.);
#853=EDGE_CURVE('',#724,#726,#347,.T.);
#854=EDGE_CURVE('',#727,#727,#660,.T.);
#855=EDGE_CURVE('',#728,#728,#661,.T.);
#856=EDGE_CURVE('',#729,#729,#662,.T.);
#857=EDGE_CURVE('',#730,#730,#663,.T.);
#858=EDGE_CURVE('',#695,#731,#348,.T.);
#859=EDGE_CURVE('',#731,#690,#664,.T.);
#860=EDGE_CURVE('',#732,#694,#349,.T.);
#861=EDGE_CURVE('',#731,#732,#350,.T.);
#862=EDGE_CURVE('',#693,#733,#351,.T.);
#863=EDGE_CURVE('',#733,#732,#665,.T.);
#864=EDGE_CURVE('',#734,#692,#352,.T.);
#865=EDGE_CURVE('',#733,#734,#353,.T.);
#866=EDGE_CURVE('',#691,#735,#354,.T.);
#867=EDGE_CURVE('',#735,#734,#666,.T.);
#868=EDGE_CURVE('',#735,#688,#355,.T.);
#869=EDGE_CURVE('',#736,#736,#667,.T.);
#870=EDGE_CURVE('',#736,#737,#356,.T.);
#871=EDGE_CURVE('',#737,#737,#668,.T.);
#872=EDGE_CURVE('',#738,#738,#669,.T.);
#873=EDGE_CURVE('',#738,#737,#357,.T.);
#874=EDGE_CURVE('',#739,#739,#670,.T.);
#875=EDGE_CURVE('',#740,#740,#671,.T.);
#876=EDGE_CURVE('',#740,#741,#358,.T.);
#877=EDGE_CURVE('',#741,#741,#672,.T.);
#878=EDGE_CURVE('',#742,#742,#673,.T.);
#879=EDGE_CURVE('',#742,#741,#359,.T.);
#880=EDGE_CURVE('',#743,#743,#674,.T.);
#881=EDGE_CURVE('',#744,#744,#675,.T.);
#882=EDGE_CURVE('',#744,#745,#360,.T.);
#883=EDGE_CURVE('',#745,#745,#676,.T.);
#884=EDGE_CURVE('',#746,#746,#677,.T.);
#885=EDGE_CURVE('',#746,#745,#361,.T.);
#886=EDGE_CURVE('',#747,#747,#678,.T.);
#887=EDGE_CURVE('',#748,#748,#679,.T.);
#888=EDGE_CURVE('',#748,#749,#362,.T.);
#889=EDGE_CURVE('',#749,#749,#680,.T.);
#890=EDGE_CURVE('',#750,#750,#681,.T.);
#891=EDGE_CURVE('',#750,#749,#363,.T.);
#892=EDGE_CURVE('',#751,#751,#682,.T.);
#893=EDGE_CURVE('',#730,#751,#364,.T.);
#894=EDGE_CURVE('',#729,#739,#365,.T.);
#895=EDGE_CURVE('',#728,#747,#366,.T.);
#896=EDGE_CURVE('',#727,#743,#367,.T.);
#897=EDGE_CURVE('',#697,#752,#368,.T.);
#898=EDGE_CURVE('',#752,#753,#369,.T.);
#899=EDGE_CURVE('',#696,#753,#370,.T.);
#900=EDGE_CURVE('',#701,#754,#371,.T.);
#901=EDGE_CURVE('',#754,#752,#372,.T.);
#902=EDGE_CURVE('',#753,#755,#373,.T.);
#903=EDGE_CURVE('',#755,#698,#374,.T.);
#904=EDGE_CURVE('',#700,#756,#375,.T.);
#905=EDGE_CURVE('',#756,#754,#376,.T.);
#906=EDGE_CURVE('',#699,#757,#377,.T.);
#907=EDGE_CURVE('',#757,#756,#378,.T.);
#908=EDGE_CURVE('',#755,#757,#379,.T.);
#909=EDGE_CURVE('',#755,#758,#380,.T.);
#910=EDGE_CURVE('',#759,#758,#381,.T.);
#911=EDGE_CURVE('',#757,#759,#382,.T.);
#912=EDGE_CURVE('',#753,#760,#383,.T.);
#913=EDGE_CURVE('',#758,#760,#384,.T.);
#914=EDGE_CURVE('',#752,#761,#385,.T.);
#915=EDGE_CURVE('',#760,#761,#386,.T.);
#916=EDGE_CURVE('',#724,#762,#387,.T.);
#917=EDGE_CURVE('',#762,#763,#388,.T.);
#918=EDGE_CURVE('',#723,#763,#389,.T.);
#919=EDGE_CURVE('',#726,#764,#390,.T.);
#920=EDGE_CURVE('',#764,#762,#391,.T.);
#921=EDGE_CURVE('',#763,#765,#392,.T.);
#922=EDGE_CURVE('',#765,#725,#393,.T.);
#923=EDGE_CURVE('',#765,#764,#394,.T.);
#924=EDGE_CURVE('',#763,#766,#395,.T.);
#925=EDGE_CURVE('',#767,#766,#396,.T.);
#926=EDGE_CURVE('',#765,#767,#397,.T.);
#927=EDGE_CURVE('',#762,#768,#398,.T.);
#928=EDGE_CURVE('',#766,#768,#399,.T.);
#929=EDGE_CURVE('',#702,#769,#400,.T.);
#930=EDGE_CURVE('',#769,#769,#683,.T.);
#931=EDGE_CURVE('',#769,#770,#401,.T.);
#932=EDGE_CURVE('',#770,#770,#684,.T.);
#933=EDGE_CURVE('',#721,#771,#402,.T.);
#934=EDGE_CURVE('',#771,#772,#403,.T.);
#935=EDGE_CURVE('',#722,#772,#404,.T.);
#936=EDGE_CURVE('',#720,#773,#405,.T.);
#937=EDGE_CURVE('',#773,#774,#406,.T.);
#938=EDGE_CURVE('',#774,#719,#407,.T.);
#939=EDGE_CURVE('',#772,#773,#408,.T.);
#940=EDGE_CURVE('',#774,#771,#409,.T.);
#941=EDGE_CURVE('',#774,#775,#410,.T.);
#942=EDGE_CURVE('',#776,#775,#411,.T.);
#943=EDGE_CURVE('',#771,#776,#412,.T.);
#944=EDGE_CURVE('',#773,#777,#413,.T.);
#945=EDGE_CURVE('',#775,#777,#414,.T.);
#946=EDGE_CURVE('',#704,#778,#415,.T.);
#947=EDGE_CURVE('',#778,#779,#416,.T.);
#948=EDGE_CURVE('',#779,#703,#417,.T.);
#949=EDGE_CURVE('',#706,#780,#418,.T.);
#950=EDGE_CURVE('',#780,#778,#419,.T.);
#951=EDGE_CURVE('',#705,#781,#420,.T.);
#952=EDGE_CURVE('',#781,#780,#421,.T.);
#953=EDGE_CURVE('',#779,#781,#422,.T.);
#954=EDGE_CURVE('',#779,#782,#423,.T.);
#955=EDGE_CURVE('',#783,#782,#424,.T.);
#956=EDGE_CURVE('',#781,#783,#425,.T.);
#957=EDGE_CURVE('',#778,#784,#426,.T.);
#958=EDGE_CURVE('',#782,#784,#427,.T.);
#959=EDGE_CURVE('',#717,#785,#428,.T.);
#960=EDGE_CURVE('',#785,#786,#429,.T.);
#961=EDGE_CURVE('',#718,#786,#430,.T.);
#962=EDGE_CURVE('',#716,#787,#431,.T.);
#963=EDGE_CURVE('',#787,#788,#432,.T.);
#964=EDGE_CURVE('',#788,#715,#433,.T.);
#965=EDGE_CURVE('',#786,#787,#434,.T.);
#966=EDGE_CURVE('',#788,#785,#435,.T.);
#967=EDGE_CURVE('',#788,#789,#436,.T.);
#968=EDGE_CURVE('',#790,#789,#437,.T.);
#969=EDGE_CURVE('',#785,#790,#438,.T.);
#970=EDGE_CURVE('',#787,#791,#439,.T.);
#971=EDGE_CURVE('',#789,#791,#440,.T.);
#972=EDGE_CURVE('',#708,#792,#441,.T.);
#973=EDGE_CURVE('',#792,#793,#442,.T.);
#974=EDGE_CURVE('',#793,#707,#443,.T.);
#975=EDGE_CURVE('',#710,#794,#444,.T.);
#976=EDGE_CURVE('',#794,#792,#445,.T.);
#977=EDGE_CURVE('',#795,#794,#446,.T.);
#978=EDGE_CURVE('',#709,#795,#447,.T.);
#979=EDGE_CURVE('',#793,#795,#448,.T.);
#980=EDGE_CURVE('',#793,#796,#449,.T.);
#981=EDGE_CURVE('',#797,#796,#450,.T.);
#982=EDGE_CURVE('',#795,#797,#451,.T.);
#983=EDGE_CURVE('',#792,#798,#452,.T.);
#984=EDGE_CURVE('',#796,#798,#453,.T.);
#985=EDGE_CURVE('',#799,#776,#454,.T.);
#986=EDGE_CURVE('',#772,#799,#455,.T.);
#987=EDGE_CURVE('',#777,#799,#456,.T.);
#988=EDGE_CURVE('',#800,#783,#457,.T.);
#989=EDGE_CURVE('',#780,#800,#458,.T.);
#990=EDGE_CURVE('',#784,#800,#459,.T.);
#991=EDGE_CURVE('',#764,#801,#460,.T.);
#992=EDGE_CURVE('',#768,#801,#461,.T.);
#993=EDGE_CURVE('',#801,#767,#462,.T.);
#994=EDGE_CURVE('',#756,#802,#463,.T.);
#995=EDGE_CURVE('',#803,#802,#464,.T.);
#996=EDGE_CURVE('',#754,#803,#465,.T.);
#997=EDGE_CURVE('',#802,#759,#466,.T.);
#998=EDGE_CURVE('',#761,#803,#467,.T.);
#999=EDGE_CURVE('',#804,#797,#468,.T.);
#1000=EDGE_CURVE('',#794,#804,#469,.T.);
#1001=EDGE_CURVE('',#798,#804,#470,.T.);
#1002=EDGE_CURVE('',#805,#790,#471,.T.);
#1003=EDGE_CURVE('',#786,#805,#472,.T.);
#1004=EDGE_CURVE('',#791,#805,#473,.T.);
#1005=EDGE_CURVE('',#806,#807,#474,.T.);
#1006=EDGE_CURVE('',#714,#806,#475,.T.);
#1007=EDGE_CURVE('',#713,#807,#476,.T.);
#1008=EDGE_CURVE('',#807,#808,#477,.T.);
#1009=EDGE_CURVE('',#712,#808,#478,.T.);
#1010=EDGE_CURVE('',#808,#809,#479,.T.);
#1011=EDGE_CURVE('',#711,#809,#480,.T.);
#1012=EDGE_CURVE('',#809,#806,#481,.T.);
#1013=ORIENTED_EDGE('',*,*,#810,.T.);
#1014=ORIENTED_EDGE('',*,*,#811,.T.);
#1015=ORIENTED_EDGE('',*,*,#812,.T.);
#1016=ORIENTED_EDGE('',*,*,#813,.T.);
#1017=ORIENTED_EDGE('',*,*,#811,.F.);
#1018=ORIENTED_EDGE('',*,*,#814,.F.);
#1019=ORIENTED_EDGE('',*,*,#815,.F.);
#1020=ORIENTED_EDGE('',*,*,#816,.F.);
#1021=ORIENTED_EDGE('',*,*,#810,.F.);
#1022=ORIENTED_EDGE('',*,*,#817,.T.);
#1023=ORIENTED_EDGE('',*,*,#818,.F.);
#1024=ORIENTED_EDGE('',*,*,#819,.T.);
#1025=ORIENTED_EDGE('',*,*,#820,.F.);
#1026=ORIENTED_EDGE('',*,*,#821,.T.);
#1027=ORIENTED_EDGE('',*,*,#822,.F.);
#1028=ORIENTED_EDGE('',*,*,#814,.T.);
#1029=ORIENTED_EDGE('',*,*,#823,.F.);
#1030=ORIENTED_EDGE('',*,*,#824,.F.);
#1031=ORIENTED_EDGE('',*,*,#825,.F.);
#1032=ORIENTED_EDGE('',*,*,#826,.F.);
#1033=ORIENTED_EDGE('',*,*,#827,.F.);
#1034=ORIENTED_EDGE('',*,*,#828,.F.);
#1035=ORIENTED_EDGE('',*,*,#829,.F.);
#1036=ORIENTED_EDGE('',*,*,#830,.F.);
#1037=ORIENTED_EDGE('',*,*,#831,.F.);
#1038=ORIENTED_EDGE('',*,*,#832,.F.);
#1039=ORIENTED_EDGE('',*,*,#833,.F.);
#1040=ORIENTED_EDGE('',*,*,#834,.F.);
#1041=ORIENTED_EDGE('',*,*,#835,.F.);
#1042=ORIENTED_EDGE('',*,*,#836,.F.);
#1043=ORIENTED_EDGE('',*,*,#837,.F.);
#1044=ORIENTED_EDGE('',*,*,#838,.T.);
#1045=ORIENTED_EDGE('',*,*,#839,.T.);
#1046=ORIENTED_EDGE('',*,*,#840,.T.);
#1047=ORIENTED_EDGE('',*,*,#841,.T.);
#1048=ORIENTED_EDGE('',*,*,#842,.F.);
#1049=ORIENTED_EDGE('',*,*,#843,.F.);
#1050=ORIENTED_EDGE('',*,*,#844,.F.);
#1051=ORIENTED_EDGE('',*,*,#845,.F.);
#1052=ORIENTED_EDGE('',*,*,#846,.F.);
#1053=ORIENTED_EDGE('',*,*,#847,.F.);
#1054=ORIENTED_EDGE('',*,*,#848,.F.);
#1055=ORIENTED_EDGE('',*,*,#849,.F.);
#1056=ORIENTED_EDGE('',*,*,#850,.F.);
#1057=ORIENTED_EDGE('',*,*,#851,.F.);
#1058=ORIENTED_EDGE('',*,*,#852,.F.);
#1059=ORIENTED_EDGE('',*,*,#853,.F.);
#1060=ORIENTED_EDGE('',*,*,#854,.T.);
#1061=ORIENTED_EDGE('',*,*,#855,.T.);
#1062=ORIENTED_EDGE('',*,*,#856,.T.);
#1063=ORIENTED_EDGE('',*,*,#857,.T.);
#1064=ORIENTED_EDGE('',*,*,#822,.T.);
#1065=ORIENTED_EDGE('',*,*,#858,.T.);
#1066=ORIENTED_EDGE('',*,*,#859,.T.);
#1067=ORIENTED_EDGE('',*,*,#815,.T.);
#1068=ORIENTED_EDGE('',*,*,#858,.F.);
#1069=ORIENTED_EDGE('',*,*,#821,.F.);
#1070=ORIENTED_EDGE('',*,*,#860,.F.);
#1071=ORIENTED_EDGE('',*,*,#861,.F.);
#1072=ORIENTED_EDGE('',*,*,#820,.T.);
#1073=ORIENTED_EDGE('',*,*,#862,.T.);
#1074=ORIENTED_EDGE('',*,*,#863,.T.);
#1075=ORIENTED_EDGE('',*,*,#860,.T.);
#1076=ORIENTED_EDGE('',*,*,#862,.F.);
#1077=ORIENTED_EDGE('',*,*,#819,.F.);
#1078=ORIENTED_EDGE('',*,*,#864,.F.);
#1079=ORIENTED_EDGE('',*,*,#865,.F.);
#1080=ORIENTED_EDGE('',*,*,#818,.T.);
#1081=ORIENTED_EDGE('',*,*,#866,.T.);
#1082=ORIENTED_EDGE('',*,*,#867,.T.);
#1083=ORIENTED_EDGE('',*,*,#864,.T.);
#1084=ORIENTED_EDGE('',*,*,#813,.F.);
#1085=ORIENTED_EDGE('',*,*,#868,.F.);
#1086=ORIENTED_EDGE('',*,*,#866,.F.);
#1087=ORIENTED_EDGE('',*,*,#817,.F.);
#1088=ORIENTED_EDGE('',*,*,#869,.T.);
#1089=ORIENTED_EDGE('',*,*,#870,.T.);
#1090=ORIENTED_EDGE('',*,*,#871,.T.);
#1091=ORIENTED_EDGE('',*,*,#870,.F.);
#1092=ORIENTED_EDGE('',*,*,#872,.F.);
#1093=ORIENTED_EDGE('',*,*,#873,.T.);
#1094=ORIENTED_EDGE('',*,*,#871,.F.);
#1095=ORIENTED_EDGE('',*,*,#873,.F.);
#1096=ORIENTED_EDGE('',*,*,#874,.F.);
#1097=ORIENTED_EDGE('',*,*,#869,.F.);
#1098=ORIENTED_EDGE('',*,*,#875,.T.);
#1099=ORIENTED_EDGE('',*,*,#876,.T.);
#1100=ORIENTED_EDGE('',*,*,#877,.T.);
#1101=ORIENTED_EDGE('',*,*,#876,.F.);
#1102=ORIENTED_EDGE('',*,*,#878,.F.);
#1103=ORIENTED_EDGE('',*,*,#879,.T.);
#1104=ORIENTED_EDGE('',*,*,#877,.F.);
#1105=ORIENTED_EDGE('',*,*,#879,.F.);
#1106=ORIENTED_EDGE('',*,*,#880,.F.);
#1107=ORIENTED_EDGE('',*,*,#875,.F.);
#1108=ORIENTED_EDGE('',*,*,#881,.T.);
#1109=ORIENTED_EDGE('',*,*,#882,.T.);
#1110=ORIENTED_EDGE('',*,*,#883,.T.);
#1111=ORIENTED_EDGE('',*,*,#882,.F.);
#1112=ORIENTED_EDGE('',*,*,#884,.F.);
#1113=ORIENTED_EDGE('',*,*,#885,.T.);
#1114=ORIENTED_EDGE('',*,*,#883,.F.);
#1115=ORIENTED_EDGE('',*,*,#885,.F.);
#1116=ORIENTED_EDGE('',*,*,#886,.F.);
#1117=ORIENTED_EDGE('',*,*,#881,.F.);
#1118=ORIENTED_EDGE('',*,*,#887,.T.);
#1119=ORIENTED_EDGE('',*,*,#888,.T.);
#1120=ORIENTED_EDGE('',*,*,#889,.T.);
#1121=ORIENTED_EDGE('',*,*,#888,.F.);
#1122=ORIENTED_EDGE('',*,*,#890,.F.);
#1123=ORIENTED_EDGE('',*,*,#891,.T.);
#1124=ORIENTED_EDGE('',*,*,#889,.F.);
#1125=ORIENTED_EDGE('',*,*,#891,.F.);
#1126=ORIENTED_EDGE('',*,*,#892,.F.);
#1127=ORIENTED_EDGE('',*,*,#887,.F.);
#1128=ORIENTED_EDGE('',*,*,#857,.F.);
#1129=ORIENTED_EDGE('',*,*,#893,.T.);
#1130=ORIENTED_EDGE('',*,*,#892,.T.);
#1131=ORIENTED_EDGE('',*,*,#893,.F.);
#1132=ORIENTED_EDGE('',*,*,#856,.F.);
#1133=ORIENTED_EDGE('',*,*,#894,.T.);
#1134=ORIENTED_EDGE('',*,*,#874,.T.);
#1135=ORIENTED_EDGE('',*,*,#894,.F.);
#1136=ORIENTED_EDGE('',*,*,#855,.F.);
#1137=ORIENTED_EDGE('',*,*,#895,.T.);
#1138=ORIENTED_EDGE('',*,*,#886,.T.);
#1139=ORIENTED_EDGE('',*,*,#895,.F.);
#1140=ORIENTED_EDGE('',*,*,#854,.F.);
#1141=ORIENTED_EDGE('',*,*,#896,.T.);
#1142=ORIENTED_EDGE('',*,*,#880,.T.);
#1143=ORIENTED_EDGE('',*,*,#896,.F.);
#1144=ORIENTED_EDGE('',*,*,#823,.T.);
#1145=ORIENTED_EDGE('',*,*,#897,.T.);
#1146=ORIENTED_EDGE('',*,*,#898,.T.);
#1147=ORIENTED_EDGE('',*,*,#899,.F.);
#1148=ORIENTED_EDGE('',*,*,#828,.T.);
#1149=ORIENTED_EDGE('',*,*,#900,.T.);
#1150=ORIENTED_EDGE('',*,*,#901,.T.);
#1151=ORIENTED_EDGE('',*,*,#897,.F.);
#1152=ORIENTED_EDGE('',*,*,#902,.T.);
#1153=ORIENTED_EDGE('',*,*,#903,.T.);
#1154=ORIENTED_EDGE('',*,*,#824,.T.);
#1155=ORIENTED_EDGE('',*,*,#899,.T.);
#1156=ORIENTED_EDGE('',*,*,#827,.T.);
#1157=ORIENTED_EDGE('',*,*,#904,.T.);
#1158=ORIENTED_EDGE('',*,*,#905,.T.);
#1159=ORIENTED_EDGE('',*,*,#900,.F.);
#1160=ORIENTED_EDGE('',*,*,#826,.T.);
#1161=ORIENTED_EDGE('',*,*,#906,.T.);
#1162=ORIENTED_EDGE('',*,*,#907,.T.);
#1163=ORIENTED_EDGE('',*,*,#904,.F.);
#1164=ORIENTED_EDGE('',*,*,#908,.T.);
#1165=ORIENTED_EDGE('',*,*,#906,.F.);
#1166=ORIENTED_EDGE('',*,*,#825,.T.);
#1167=ORIENTED_EDGE('',*,*,#903,.F.);
#1168=ORIENTED_EDGE('',*,*,#908,.F.);
#1169=ORIENTED_EDGE('',*,*,#909,.T.);
#1170=ORIENTED_EDGE('',*,*,#910,.F.);
#1171=ORIENTED_EDGE('',*,*,#911,.F.);
#1172=ORIENTED_EDGE('',*,*,#902,.F.);
#1173=ORIENTED_EDGE('',*,*,#912,.T.);
#1174=ORIENTED_EDGE('',*,*,#913,.F.);
#1175=ORIENTED_EDGE('',*,*,#909,.F.);
#1176=ORIENTED_EDGE('',*,*,#898,.F.);
#1177=ORIENTED_EDGE('',*,*,#914,.T.);
#1178=ORIENTED_EDGE('',*,*,#915,.F.);
#1179=ORIENTED_EDGE('',*,*,#912,.F.);
#1180=ORIENTED_EDGE('',*,*,#850,.T.);
#1181=ORIENTED_EDGE('',*,*,#916,.T.);
#1182=ORIENTED_EDGE('',*,*,#917,.T.);
#1183=ORIENTED_EDGE('',*,*,#918,.F.);
#1184=ORIENTED_EDGE('',*,*,#853,.T.);
#1185=ORIENTED_EDGE('',*,*,#919,.T.);
#1186=ORIENTED_EDGE('',*,*,#920,.T.);
#1187=ORIENTED_EDGE('',*,*,#916,.F.);
#1188=ORIENTED_EDGE('',*,*,#921,.T.);
#1189=ORIENTED_EDGE('',*,*,#922,.T.);
#1190=ORIENTED_EDGE('',*,*,#851,.T.);
#1191=ORIENTED_EDGE('',*,*,#918,.T.);
#1192=ORIENTED_EDGE('',*,*,#852,.T.);
#1193=ORIENTED_EDGE('',*,*,#922,.F.);
#1194=ORIENTED_EDGE('',*,*,#923,.T.);
#1195=ORIENTED_EDGE('',*,*,#919,.F.);
#1196=ORIENTED_EDGE('',*,*,#921,.F.);
#1197=ORIENTED_EDGE('',*,*,#924,.T.);
#1198=ORIENTED_EDGE('',*,*,#925,.F.);
#1199=ORIENTED_EDGE('',*,*,#926,.F.);
#1200=ORIENTED_EDGE('',*,*,#917,.F.);
#1201=ORIENTED_EDGE('',*,*,#927,.T.);
#1202=ORIENTED_EDGE('',*,*,#928,.F.);
#1203=ORIENTED_EDGE('',*,*,#924,.F.);
#1204=ORIENTED_EDGE('',*,*,#829,.T.);
#1205=ORIENTED_EDGE('',*,*,#929,.T.);
#1206=ORIENTED_EDGE('',*,*,#930,.T.);
#1207=ORIENTED_EDGE('',*,*,#929,.F.);
#1208=ORIENTED_EDGE('',*,*,#930,.F.);
#1209=ORIENTED_EDGE('',*,*,#931,.T.);
#1210=ORIENTED_EDGE('',*,*,#932,.F.);
#1211=ORIENTED_EDGE('',*,*,#931,.F.);
#1212=ORIENTED_EDGE('',*,*,#848,.T.);
#1213=ORIENTED_EDGE('',*,*,#933,.T.);
#1214=ORIENTED_EDGE('',*,*,#934,.T.);
#1215=ORIENTED_EDGE('',*,*,#935,.F.);
#1216=ORIENTED_EDGE('',*,*,#846,.T.);
#1217=ORIENTED_EDGE('',*,*,#936,.T.);
#1218=ORIENTED_EDGE('',*,*,#937,.T.);
#1219=ORIENTED_EDGE('',*,*,#938,.T.);
#1220=ORIENTED_EDGE('',*,*,#939,.T.);
#1221=ORIENTED_EDGE('',*,*,#936,.F.);
#1222=ORIENTED_EDGE('',*,*,#849,.T.);
#1223=ORIENTED_EDGE('',*,*,#935,.T.);
#1224=ORIENTED_EDGE('',*,*,#847,.T.);
#1225=ORIENTED_EDGE('',*,*,#938,.F.);
#1226=ORIENTED_EDGE('',*,*,#940,.T.);
#1227=ORIENTED_EDGE('',*,*,#933,.F.);
#1228=ORIENTED_EDGE('',*,*,#940,.F.);
#1229=ORIENTED_EDGE('',*,*,#941,.T.);
#1230=ORIENTED_EDGE('',*,*,#942,.F.);
#1231=ORIENTED_EDGE('',*,*,#943,.F.);
#1232=ORIENTED_EDGE('',*,*,#937,.F.);
#1233=ORIENTED_EDGE('',*,*,#944,.T.);
#1234=ORIENTED_EDGE('',*,*,#945,.F.);
#1235=ORIENTED_EDGE('',*,*,#941,.F.);
#1236=ORIENTED_EDGE('',*,*,#830,.T.);
#1237=ORIENTED_EDGE('',*,*,#946,.T.);
#1238=ORIENTED_EDGE('',*,*,#947,.T.);
#1239=ORIENTED_EDGE('',*,*,#948,.T.);
#1240=ORIENTED_EDGE('',*,*,#833,.T.);
#1241=ORIENTED_EDGE('',*,*,#949,.T.);
#1242=ORIENTED_EDGE('',*,*,#950,.T.);
#1243=ORIENTED_EDGE('',*,*,#946,.F.);
#1244=ORIENTED_EDGE('',*,*,#832,.T.);
#1245=ORIENTED_EDGE('',*,*,#951,.T.);
#1246=ORIENTED_EDGE('',*,*,#952,.T.);
#1247=ORIENTED_EDGE('',*,*,#949,.F.);
#1248=ORIENTED_EDGE('',*,*,#953,.T.);
#1249=ORIENTED_EDGE('',*,*,#951,.F.);
#1250=ORIENTED_EDGE('',*,*,#831,.T.);
#1251=ORIENTED_EDGE('',*,*,#948,.F.);
#1252=ORIENTED_EDGE('',*,*,#953,.F.);
#1253=ORIENTED_EDGE('',*,*,#954,.T.);
#1254=ORIENTED_EDGE('',*,*,#955,.F.);
#1255=ORIENTED_EDGE('',*,*,#956,.F.);
#1256=ORIENTED_EDGE('',*,*,#947,.F.);
#1257=ORIENTED_EDGE('',*,*,#957,.T.);
#1258=ORIENTED_EDGE('',*,*,#958,.F.);
#1259=ORIENTED_EDGE('',*,*,#954,.F.);
#1260=ORIENTED_EDGE('',*,*,#844,.T.);
#1261=ORIENTED_EDGE('',*,*,#959,.T.);
#1262=ORIENTED_EDGE('',*,*,#960,.T.);
#1263=ORIENTED_EDGE('',*,*,#961,.F.);
#1264=ORIENTED_EDGE('',*,*,#842,.T.);
#1265=ORIENTED_EDGE('',*,*,#962,.T.);
#1266=ORIENTED_EDGE('',*,*,#963,.T.);
#1267=ORIENTED_EDGE('',*,*,#964,.T.);
#1268=ORIENTED_EDGE('',*,*,#965,.T.);
#1269=ORIENTED_EDGE('',*,*,#962,.F.);
#1270=ORIENTED_EDGE('',*,*,#845,.T.);
#1271=ORIENTED_EDGE('',*,*,#961,.T.);
#1272=ORIENTED_EDGE('',*,*,#843,.T.);
#1273=ORIENTED_EDGE('',*,*,#964,.F.);
#1274=ORIENTED_EDGE('',*,*,#966,.T.);
#1275=ORIENTED_EDGE('',*,*,#959,.F.);
#1276=ORIENTED_EDGE('',*,*,#966,.F.);
#1277=ORIENTED_EDGE('',*,*,#967,.T.);
#1278=ORIENTED_EDGE('',*,*,#968,.F.);
#1279=ORIENTED_EDGE('',*,*,#969,.F.);
#1280=ORIENTED_EDGE('',*,*,#963,.F.);
#1281=ORIENTED_EDGE('',*,*,#970,.T.);
#1282=ORIENTED_EDGE('',*,*,#971,.F.);
#1283=ORIENTED_EDGE('',*,*,#967,.F.);
#1284=ORIENTED_EDGE('',*,*,#834,.T.);
#1285=ORIENTED_EDGE('',*,*,#972,.T.);
#1286=ORIENTED_EDGE('',*,*,#973,.T.);
#1287=ORIENTED_EDGE('',*,*,#974,.T.);
#1288=ORIENTED_EDGE('',*,*,#837,.T.);
#1289=ORIENTED_EDGE('',*,*,#975,.T.);
#1290=ORIENTED_EDGE('',*,*,#976,.T.);
#1291=ORIENTED_EDGE('',*,*,#972,.F.);
#1292=ORIENTED_EDGE('',*,*,#977,.T.);
#1293=ORIENTED_EDGE('',*,*,#975,.F.);
#1294=ORIENTED_EDGE('',*,*,#836,.T.);
#1295=ORIENTED_EDGE('',*,*,#978,.T.);
#1296=ORIENTED_EDGE('',*,*,#835,.T.);
#1297=ORIENTED_EDGE('',*,*,#974,.F.);
#1298=ORIENTED_EDGE('',*,*,#979,.T.);
#1299=ORIENTED_EDGE('',*,*,#978,.F.);
#1300=ORIENTED_EDGE('',*,*,#979,.F.);
#1301=ORIENTED_EDGE('',*,*,#980,.T.);
#1302=ORIENTED_EDGE('',*,*,#981,.F.);
#1303=ORIENTED_EDGE('',*,*,#982,.F.);
#1304=ORIENTED_EDGE('',*,*,#973,.F.);
#1305=ORIENTED_EDGE('',*,*,#983,.T.);
#1306=ORIENTED_EDGE('',*,*,#984,.F.);
#1307=ORIENTED_EDGE('',*,*,#980,.F.);
#1308=ORIENTED_EDGE('',*,*,#934,.F.);
#1309=ORIENTED_EDGE('',*,*,#943,.T.);
#1310=ORIENTED_EDGE('',*,*,#985,.F.);
#1311=ORIENTED_EDGE('',*,*,#986,.F.);
#1312=ORIENTED_EDGE('',*,*,#939,.F.);
#1313=ORIENTED_EDGE('',*,*,#986,.T.);
#1314=ORIENTED_EDGE('',*,*,#987,.F.);
#1315=ORIENTED_EDGE('',*,*,#944,.F.);
#1316=ORIENTED_EDGE('',*,*,#952,.F.);
#1317=ORIENTED_EDGE('',*,*,#956,.T.);
#1318=ORIENTED_EDGE('',*,*,#988,.F.);
#1319=ORIENTED_EDGE('',*,*,#989,.F.);
#1320=ORIENTED_EDGE('',*,*,#950,.F.);
#1321=ORIENTED_EDGE('',*,*,#989,.T.);
#1322=ORIENTED_EDGE('',*,*,#990,.F.);
#1323=ORIENTED_EDGE('',*,*,#957,.F.);
#1324=ORIENTED_EDGE('',*,*,#920,.F.);
#1325=ORIENTED_EDGE('',*,*,#991,.T.);
#1326=ORIENTED_EDGE('',*,*,#992,.F.);
#1327=ORIENTED_EDGE('',*,*,#927,.F.);
#1328=ORIENTED_EDGE('',*,*,#923,.F.);
#1329=ORIENTED_EDGE('',*,*,#926,.T.);
#1330=ORIENTED_EDGE('',*,*,#993,.F.);
#1331=ORIENTED_EDGE('',*,*,#991,.F.);
#1332=ORIENTED_EDGE('',*,*,#905,.F.);
#1333=ORIENTED_EDGE('',*,*,#994,.T.);
#1334=ORIENTED_EDGE('',*,*,#995,.F.);
#1335=ORIENTED_EDGE('',*,*,#996,.F.);
#1336=ORIENTED_EDGE('',*,*,#907,.F.);
#1337=ORIENTED_EDGE('',*,*,#911,.T.);
#1338=ORIENTED_EDGE('',*,*,#997,.F.);
#1339=ORIENTED_EDGE('',*,*,#994,.F.);
#1340=ORIENTED_EDGE('',*,*,#901,.F.);
#1341=ORIENTED_EDGE('',*,*,#996,.T.);
#1342=ORIENTED_EDGE('',*,*,#998,.F.);
#1343=ORIENTED_EDGE('',*,*,#914,.F.);
#1344=ORIENTED_EDGE('',*,*,#977,.F.);
#1345=ORIENTED_EDGE('',*,*,#982,.T.);
#1346=ORIENTED_EDGE('',*,*,#999,.F.);
#1347=ORIENTED_EDGE('',*,*,#1000,.F.);
#1348=ORIENTED_EDGE('',*,*,#976,.F.);
#1349=ORIENTED_EDGE('',*,*,#1000,.T.);
#1350=ORIENTED_EDGE('',*,*,#1001,.F.);
#1351=ORIENTED_EDGE('',*,*,#983,.F.);
#1352=ORIENTED_EDGE('',*,*,#960,.F.);
#1353=ORIENTED_EDGE('',*,*,#969,.T.);
#1354=ORIENTED_EDGE('',*,*,#1002,.F.);
#1355=ORIENTED_EDGE('',*,*,#1003,.F.);
#1356=ORIENTED_EDGE('',*,*,#965,.F.);
#1357=ORIENTED_EDGE('',*,*,#1003,.T.);
#1358=ORIENTED_EDGE('',*,*,#1004,.F.);
#1359=ORIENTED_EDGE('',*,*,#970,.F.);
#1360=ORIENTED_EDGE('',*,*,#1005,.F.);
#1361=ORIENTED_EDGE('',*,*,#1006,.F.);
#1362=ORIENTED_EDGE('',*,*,#840,.F.);
#1363=ORIENTED_EDGE('',*,*,#1007,.T.);
#1364=ORIENTED_EDGE('',*,*,#1008,.F.);
#1365=ORIENTED_EDGE('',*,*,#1007,.F.);
#1366=ORIENTED_EDGE('',*,*,#839,.F.);
#1367=ORIENTED_EDGE('',*,*,#1009,.T.);
#1368=ORIENTED_EDGE('',*,*,#1010,.F.);
#1369=ORIENTED_EDGE('',*,*,#1009,.F.);
#1370=ORIENTED_EDGE('',*,*,#838,.F.);
#1371=ORIENTED_EDGE('',*,*,#1011,.T.);
#1372=ORIENTED_EDGE('',*,*,#1012,.F.);
#1373=ORIENTED_EDGE('',*,*,#1011,.F.);
#1374=ORIENTED_EDGE('',*,*,#841,.F.);
#1375=ORIENTED_EDGE('',*,*,#1006,.T.);
#1376=ORIENTED_EDGE('',*,*,#812,.F.);
#1377=ORIENTED_EDGE('',*,*,#816,.T.);
#1378=ORIENTED_EDGE('',*,*,#859,.F.);
#1379=ORIENTED_EDGE('',*,*,#861,.T.);
#1380=ORIENTED_EDGE('',*,*,#863,.F.);
#1381=ORIENTED_EDGE('',*,*,#865,.T.);
#1382=ORIENTED_EDGE('',*,*,#867,.F.);
#1383=ORIENTED_EDGE('',*,*,#868,.T.);
#1384=ORIENTED_EDGE('',*,*,#932,.T.);
#1385=ORIENTED_EDGE('',*,*,#945,.T.);
#1386=ORIENTED_EDGE('',*,*,#987,.T.);
#1387=ORIENTED_EDGE('',*,*,#985,.T.);
#1388=ORIENTED_EDGE('',*,*,#942,.T.);
#1389=ORIENTED_EDGE('',*,*,#958,.T.);
#1390=ORIENTED_EDGE('',*,*,#990,.T.);
#1391=ORIENTED_EDGE('',*,*,#988,.T.);
#1392=ORIENTED_EDGE('',*,*,#955,.T.);
#1393=ORIENTED_EDGE('',*,*,#925,.T.);
#1394=ORIENTED_EDGE('',*,*,#928,.T.);
#1395=ORIENTED_EDGE('',*,*,#992,.T.);
#1396=ORIENTED_EDGE('',*,*,#993,.T.);
#1397=ORIENTED_EDGE('',*,*,#913,.T.);
#1398=ORIENTED_EDGE('',*,*,#915,.T.);
#1399=ORIENTED_EDGE('',*,*,#998,.T.);
#1400=ORIENTED_EDGE('',*,*,#995,.T.);
#1401=ORIENTED_EDGE('',*,*,#997,.T.);
#1402=ORIENTED_EDGE('',*,*,#910,.T.);
#1403=ORIENTED_EDGE('',*,*,#984,.T.);
#1404=ORIENTED_EDGE('',*,*,#1001,.T.);
#1405=ORIENTED_EDGE('',*,*,#999,.T.);
#1406=ORIENTED_EDGE('',*,*,#981,.T.);
#1407=ORIENTED_EDGE('',*,*,#971,.T.);
#1408=ORIENTED_EDGE('',*,*,#1004,.T.);
#1409=ORIENTED_EDGE('',*,*,#1002,.T.);
#1410=ORIENTED_EDGE('',*,*,#968,.T.);
#1411=ORIENTED_EDGE('',*,*,#1010,.T.);
#1412=ORIENTED_EDGE('',*,*,#1012,.T.);
#1413=ORIENTED_EDGE('',*,*,#1005,.T.);
#1414=ORIENTED_EDGE('',*,*,#1008,.T.);
#1415=ORIENTED_EDGE('',*,*,#890,.T.);
#1416=ORIENTED_EDGE('',*,*,#884,.T.);
#1417=ORIENTED_EDGE('',*,*,#872,.T.);
#1418=ORIENTED_EDGE('',*,*,#878,.T.);
#1419=CYLINDRICAL_SURFACE('',#1518,5.);
#1420=CYLINDRICAL_SURFACE('',#1531,5.);
#1421=CYLINDRICAL_SURFACE('',#1534,5.);
#1422=CYLINDRICAL_SURFACE('',#1537,5.);
#1423=CYLINDRICAL_SURFACE('',#1543,1.7);
#1424=CYLINDRICAL_SURFACE('',#1550,1.7);
#1425=CYLINDRICAL_SURFACE('',#1557,1.7);
#1426=CYLINDRICAL_SURFACE('',#1564,1.7);
#1427=CYLINDRICAL_SURFACE('',#1568,2.65000000000001);
#1428=CYLINDRICAL_SURFACE('',#1569,2.65000000000001);
#1429=CYLINDRICAL_SURFACE('',#1570,2.65);
#1430=CYLINDRICAL_SURFACE('',#1571,2.65);
#1431=CYLINDRICAL_SURFACE('',#1589,7.);
#1432=ADVANCED_FACE('',(#114),#1419,.T.);
#1433=ADVANCED_FACE('',(#115),#48,.T.);
#1434=ADVANCED_FACE('',(#116,#20,#21,#22,#23,#24,#25,#26,#27,#28,#29,#30,
#31),#49,.T.);
#1435=ADVANCED_FACE('',(#117),#1420,.T.);
#1436=ADVANCED_FACE('',(#118),#50,.T.);
#1437=ADVANCED_FACE('',(#119),#1421,.T.);
#1438=ADVANCED_FACE('',(#120),#51,.T.);
#1439=ADVANCED_FACE('',(#121),#1422,.T.);
#1440=ADVANCED_FACE('',(#122),#52,.T.);
#1441=ADVANCED_FACE('',(#123),#15,.F.);
#1442=ADVANCED_FACE('',(#124),#1423,.F.);
#1443=ADVANCED_FACE('',(#125,#32),#53,.T.);
#1444=ADVANCED_FACE('',(#126),#16,.F.);
#1445=ADVANCED_FACE('',(#127),#1424,.F.);
#1446=ADVANCED_FACE('',(#128,#33),#54,.T.);
#1447=ADVANCED_FACE('',(#129),#17,.F.);
#1448=ADVANCED_FACE('',(#130),#1425,.F.);
#1449=ADVANCED_FACE('',(#131,#34),#55,.T.);
#1450=ADVANCED_FACE('',(#132),#18,.F.);
#1451=ADVANCED_FACE('',(#133),#1426,.F.);
#1452=ADVANCED_FACE('',(#134,#35),#56,.T.);
#1453=ADVANCED_FACE('',(#135),#1427,.F.);
#1454=ADVANCED_FACE('',(#136),#1428,.F.);
#1455=ADVANCED_FACE('',(#137),#1429,.F.);
#1456=ADVANCED_FACE('',(#138),#1430,.F.);
#1457=ADVANCED_FACE('',(#139),#57,.T.);
#1458=ADVANCED_FACE('',(#140),#58,.T.);
#1459=ADVANCED_FACE('',(#141),#59,.T.);
#1460=ADVANCED_FACE('',(#142),#60,.T.);
#1461=ADVANCED_FACE('',(#143),#61,.T.);
#1462=ADVANCED_FACE('',(#144),#62,.T.);
#1463=ADVANCED_FACE('',(#145),#63,.F.);
#1464=ADVANCED_FACE('',(#146),#64,.F.);
#1465=ADVANCED_FACE('',(#147),#65,.F.);
#1466=ADVANCED_FACE('',(#148),#66,.T.);
#1467=ADVANCED_FACE('',(#149),#67,.T.);
#1468=ADVANCED_FACE('',(#150),#68,.T.);
#1469=ADVANCED_FACE('',(#151),#69,.T.);
#1470=ADVANCED_FACE('',(#152),#70,.F.);
#1471=ADVANCED_FACE('',(#153),#71,.F.);
#1472=ADVANCED_FACE('',(#154),#19,.F.);
#1473=ADVANCED_FACE('',(#155),#1431,.F.);
#1474=ADVANCED_FACE('',(#156),#72,.T.);
#1475=ADVANCED_FACE('',(#157),#73,.T.);
#1476=ADVANCED_FACE('',(#158),#74,.T.);
#1477=ADVANCED_FACE('',(#159),#75,.T.);
#1478=ADVANCED_FACE('',(#160),#76,.F.);
#1479=ADVANCED_FACE('',(#161),#77,.F.);
#1480=ADVANCED_FACE('',(#162),#78,.T.);
#1481=ADVANCED_FACE('',(#163),#79,.T.);
#1482=ADVANCED_FACE('',(#164),#80,.T.);
#1483=ADVANCED_FACE('',(#165),#81,.T.);
#1484=ADVANCED_FACE('',(#166),#82,.F.);
#1485=ADVANCED_FACE('',(#167),#83,.F.);
#1486=ADVANCED_FACE('',(#168),#84,.T.);
#1487=ADVANCED_FACE('',(#169),#85,.T.);
#1488=ADVANCED_FACE('',(#170),#86,.T.);
#1489=ADVANCED_FACE('',(#171),#87,.T.);
#1490=ADVANCED_FACE('',(#172),#88,.F.);
#1491=ADVANCED_FACE('',(#173),#89,.F.);
#1492=ADVANCED_FACE('',(#174),#90,.T.);
#1493=ADVANCED_FACE('',(#175),#91,.T.);
#1494=ADVANCED_FACE('',(#176),#92,.T.);
#1495=ADVANCED_FACE('',(#177),#93,.T.);
#1496=ADVANCED_FACE('',(#178),#94,.F.);
#1497=ADVANCED_FACE('',(#179),#95,.F.);
#1498=ADVANCED_FACE('',(#180),#96,.F.);
#1499=ADVANCED_FACE('',(#181),#97,.F.);
#1500=ADVANCED_FACE('',(#182),#98,.F.);
#1501=ADVANCED_FACE('',(#183),#99,.F.);
#1502=ADVANCED_FACE('',(#184),#100,.F.);
#1503=ADVANCED_FACE('',(#185),#101,.F.);
#1504=ADVANCED_FACE('',(#186),#102,.F.);
#1505=ADVANCED_FACE('',(#187),#103,.F.);
#1506=ADVANCED_FACE('',(#188),#104,.F.);
#1507=ADVANCED_FACE('',(#189),#105,.F.);
#1508=ADVANCED_FACE('',(#190),#106,.F.);
#1509=ADVANCED_FACE('',(#191),#107,.F.);
#1510=ADVANCED_FACE('',(#192),#108,.F.);
#1511=ADVANCED_FACE('',(#193),#109,.F.);
#1512=ADVANCED_FACE('',(#194),#110,.F.);
#1513=ADVANCED_FACE('',(#195),#111,.F.);
#1514=ADVANCED_FACE('',(#196),#112,.F.);
#1515=ADVANCED_FACE('',(#197,#36,#37,#38,#39,#40,#41,#42,#43,#44,#45,#46,
#47),#113,.F.);
#1516=CLOSED_SHELL('',(#1432,#1433,#1434,#1435,#1436,#1437,#1438,#1439,
#1440,#1441,#1442,#1443,#1444,#1445,#1446,#1447,#1448,#1449,#1450,#1451,
#1452,#1453,#1454,#1455,#1456,#1457,#1458,#1459,#1460,#1461,#1462,#1463,
#1464,#1465,#1466,#1467,#1468,#1469,#1470,#1471,#1472,#1473,#1474,#1475,
#1476,#1477,#1478,#1479,#1480,#1481,#1482,#1483,#1484,#1485,#1486,#1487,
#1488,#1489,#1490,#1491,#1492,#1493,#1494,#1495,#1496,#1497,#1498,#1499,
#1500,#1501,#1502,#1503,#1504,#1505,#1506,#1507,#1508,#1509,#1510,#1511,
#1512,#1513,#1514,#1515));
#1517=AXIS2_PLACEMENT_3D('',#2037,#1633,#1634);
#1518=AXIS2_PLACEMENT_3D('',#2038,#1635,#1636);
#1519=AXIS2_PLACEMENT_3D('',#2041,#1637,#1638);
#1520=AXIS2_PLACEMENT_3D('',#2045,#1640,#1641);
#1521=AXIS2_PLACEMENT_3D('',#2047,#1643,#1644);
#1522=AXIS2_PLACEMENT_3D('',#2053,#1648,#1649);
#1523=AXIS2_PLACEMENT_3D('',#2057,#1651,#1652);
#1524=AXIS2_PLACEMENT_3D('',#2061,#1654,#1655);
#1525=AXIS2_PLACEMENT_3D('',#2064,#1657,#1658);
#1526=AXIS2_PLACEMENT_3D('',#2078,#1665,#1666);
#1527=AXIS2_PLACEMENT_3D('',#2128,#1691,#1692);
#1528=AXIS2_PLACEMENT_3D('',#2130,#1693,#1694);
#1529=AXIS2_PLACEMENT_3D('',#2132,#1695,#1696);
#1530=AXIS2_PLACEMENT_3D('',#2134,#1697,#1698);
#1531=AXIS2_PLACEMENT_3D('',#2135,#1699,#1700);
#1532=AXIS2_PLACEMENT_3D('',#2138,#1702,#1703);
#1533=AXIS2_PLACEMENT_3D('',#2139,#1704,#1705);
#1534=AXIS2_PLACEMENT_3D('',#2143,#1708,#1709);
#1535=AXIS2_PLACEMENT_3D('',#2146,#1711,#1712);
#1536=AXIS2_PLACEMENT_3D('',#2147,#1713,#1714);
#1537=AXIS2_PLACEMENT_3D('',#2151,#1717,#1718);
#1538=AXIS2_PLACEMENT_3D('',#2154,#1720,#1721);
#1539=AXIS2_PLACEMENT_3D('',#2155,#1722,#1723);
#1540=AXIS2_PLACEMENT_3D('',#2157,#1725,#1726);
#1541=AXIS2_PLACEMENT_3D('',#2159,#1727,#1728);
#1542=AXIS2_PLACEMENT_3D('',#2162,#1730,#1731);
#1543=AXIS2_PLACEMENT_3D('',#2163,#1732,#1733);
#1544=AXIS2_PLACEMENT_3D('',#2165,#1734,#1735);
#1545=AXIS2_PLACEMENT_3D('',#2167,#1737,#1738);
#1546=AXIS2_PLACEMENT_3D('',#2169,#1739,#1740);
#1547=AXIS2_PLACEMENT_3D('',#2170,#1741,#1742);
#1548=AXIS2_PLACEMENT_3D('',#2172,#1743,#1744);
#1549=AXIS2_PLACEMENT_3D('',#2175,#1746,#1747);
#1550=AXIS2_PLACEMENT_3D('',#2176,#1748,#1749);
#1551=AXIS2_PLACEMENT_3D('',#2178,#1750,#1751);
#1552=AXIS2_PLACEMENT_3D('',#2180,#1753,#1754);
#1553=AXIS2_PLACEMENT_3D('',#2182,#1755,#1756);
#1554=AXIS2_PLACEMENT_3D('',#2183,#1757,#1758);
#1555=AXIS2_PLACEMENT_3D('',#2185,#1759,#1760);
#1556=AXIS2_PLACEMENT_3D('',#2188,#1762,#1763);
#1557=AXIS2_PLACEMENT_3D('',#2189,#1764,#1765);
#1558=AXIS2_PLACEMENT_3D('',#2191,#1766,#1767);
#1559=AXIS2_PLACEMENT_3D('',#2193,#1769,#1770);
#1560=AXIS2_PLACEMENT_3D('',#2195,#1771,#1772);
#1561=AXIS2_PLACEMENT_3D('',#2196,#1773,#1774);
#1562=AXIS2_PLACEMENT_3D('',#2198,#1775,#1776);
#1563=AXIS2_PLACEMENT_3D('',#2201,#1778,#1779);
#1564=AXIS2_PLACEMENT_3D('',#2202,#1780,#1781);
#1565=AXIS2_PLACEMENT_3D('',#2204,#1782,#1783);
#1566=AXIS2_PLACEMENT_3D('',#2206,#1785,#1786);
#1567=AXIS2_PLACEMENT_3D('',#2208,#1787,#1788);
#1568=AXIS2_PLACEMENT_3D('',#2209,#1789,#1790);
#1569=AXIS2_PLACEMENT_3D('',#2211,#1792,#1793);
#1570=AXIS2_PLACEMENT_3D('',#2213,#1795,#1796);
#1571=AXIS2_PLACEMENT_3D('',#2215,#1798,#1799);
#1572=AXIS2_PLACEMENT_3D('',#2217,#1801,#1802);
#1573=AXIS2_PLACEMENT_3D('',#2223,#1806,#1807);
#1574=AXIS2_PLACEMENT_3D('',#2227,#1810,#1811);
#1575=AXIS2_PLACEMENT_3D('',#2231,#1814,#1815);
#1576=AXIS2_PLACEMENT_3D('',#2235,#1818,#1819);
#1577=AXIS2_PLACEMENT_3D('',#2239,#1822,#1823);
#1578=AXIS2_PLACEMENT_3D('',#2241,#1825,#1826);
#1579=AXIS2_PLACEMENT_3D('',#2247,#1830,#1831);
#1580=AXIS2_PLACEMENT_3D('',#2251,#1834,#1835);
#1581=AXIS2_PLACEMENT_3D('',#2255,#1838,#1839);
#1582=AXIS2_PLACEMENT_3D('',#2261,#1843,#1844);
#1583=AXIS2_PLACEMENT_3D('',#2265,#1847,#1848);
#1584=AXIS2_PLACEMENT_3D('',#2269,#1851,#1852);
#1585=AXIS2_PLACEMENT_3D('',#2271,#1854,#1855);
#1586=AXIS2_PLACEMENT_3D('',#2277,#1859,#1860);
#1587=AXIS2_PLACEMENT_3D('',#2281,#1863,#1864);
#1588=AXIS2_PLACEMENT_3D('',#2284,#1866,#1867);
#1589=AXIS2_PLACEMENT_3D('',#2285,#1868,#1869);
#1590=AXIS2_PLACEMENT_3D('',#2288,#1871,#1872);
#1591=AXIS2_PLACEMENT_3D('',#2289,#1873,#1874);
#1592=AXIS2_PLACEMENT_3D('',#2295,#1878,#1879);
#1593=AXIS2_PLACEMENT_3D('',#2301,#1883,#1884);
#1594=AXIS2_PLACEMENT_3D('',#2303,#1886,#1887);
#1595=AXIS2_PLACEMENT_3D('',#2305,#1889,#1890);
#1596=AXIS2_PLACEMENT_3D('',#2311,#1894,#1895);
#1597=AXIS2_PLACEMENT_3D('',#2315,#1898,#1899);
#1598=AXIS2_PLACEMENT_3D('',#2321,#1903,#1904);
#1599=AXIS2_PLACEMENT_3D('',#2325,#1907,#1908);
#1600=AXIS2_PLACEMENT_3D('',#2329,#1911,#1912);
#1601=AXIS2_PLACEMENT_3D('',#2331,#1914,#1915);
#1602=AXIS2_PLACEMENT_3D('',#2337,#1919,#1920);
#1603=AXIS2_PLACEMENT_3D('',#2341,#1923,#1924);
#1604=AXIS2_PLACEMENT_3D('',#2347,#1928,#1929);
#1605=AXIS2_PLACEMENT_3D('',#2353,#1933,#1934);
#1606=AXIS2_PLACEMENT_3D('',#2355,#1936,#1937);
#1607=AXIS2_PLACEMENT_3D('',#2357,#1939,#1940);
#1608=AXIS2_PLACEMENT_3D('',#2363,#1944,#1945);
#1609=AXIS2_PLACEMENT_3D('',#2367,#1948,#1949);
#1610=AXIS2_PLACEMENT_3D('',#2373,#1953,#1954);
#1611=AXIS2_PLACEMENT_3D('',#2377,#1957,#1958);
#1612=AXIS2_PLACEMENT_3D('',#2381,#1961,#1962);
#1613=AXIS2_PLACEMENT_3D('',#2383,#1964,#1965);
#1614=AXIS2_PLACEMENT_3D('',#2389,#1969,#1970);
#1615=AXIS2_PLACEMENT_3D('',#2393,#1973,#1974);
#1616=AXIS2_PLACEMENT_3D('',#2397,#1977,#1978);
#1617=AXIS2_PLACEMENT_3D('',#2399,#1980,#1981);
#1618=AXIS2_PLACEMENT_3D('',#2403,#1984,#1985);
#1619=AXIS2_PLACEMENT_3D('',#2405,#1987,#1988);
#1620=AXIS2_PLACEMENT_3D('',#2409,#1991,#1992);
#1621=AXIS2_PLACEMENT_3D('',#2411,#1994,#1995);
#1622=AXIS2_PLACEMENT_3D('',#2417,#1999,#2000);
#1623=AXIS2_PLACEMENT_3D('',#2419,#2002,#2003);
#1624=AXIS2_PLACEMENT_3D('',#2421,#2005,#2006);
#1625=AXIS2_PLACEMENT_3D('',#2425,#2009,#2010);
#1626=AXIS2_PLACEMENT_3D('',#2427,#2012,#2013);
#1627=AXIS2_PLACEMENT_3D('',#2431,#2016,#2017);
#1628=AXIS2_PLACEMENT_3D('',#2433,#2019,#2020);
#1629=AXIS2_PLACEMENT_3D('',#2439,#2024,#2025);
#1630=AXIS2_PLACEMENT_3D('',#2443,#2028,#2029);
#1631=AXIS2_PLACEMENT_3D('',#2447,#2032,#2033);
#1632=AXIS2_PLACEMENT_3D('',#2449,#2035,#2036);
#1633=DIRECTION('axis',(0.,0.,1.));
#1634=DIRECTION('refdir',(1.,0.,0.));
#1635=DIRECTION('center_axis',(0.,0.,1.));
#1636=DIRECTION('ref_axis',(-0.707106781186547,0.707106781186547,0.));
#1637=DIRECTION('center_axis',(0.,0.,-1.));
#1638=DIRECTION('ref_axis',(-0.707106781186547,0.707106781186547,0.));
#1639=DIRECTION('',(0.,0.,-1.));
#1640=DIRECTION('center_axis',(0.,0.,1.));
#1641=DIRECTION('ref_axis',(-0.707106781186547,0.707106781186547,0.));
#1642=DIRECTION('',(0.,0.,1.));
#1643=DIRECTION('center_axis',(7.9301644616085E-17,1.,0.));
#1644=DIRECTION('ref_axis',(-1.,7.9301644616085E-17,0.));
#1645=DIRECTION('',(-1.,7.9301644616085E-17,0.));
#1646=DIRECTION('',(0.,0.,1.));
#1647=DIRECTION('',(1.,-7.9301644616085E-17,0.));
#1648=DIRECTION('center_axis',(0.,0.,1.));
#1649=DIRECTION('ref_axis',(1.,0.,0.));
#1650=DIRECTION('',(0.,-1.,0.));
#1651=DIRECTION('center_axis',(0.,0.,-1.));
#1652=DIRECTION('ref_axis',(-0.707106781186547,-0.707106781186547,0.));
#1653=DIRECTION('',(1.,0.,0.));
#1654=DIRECTION('center_axis',(0.,0.,-1.));
#1655=DIRECTION('ref_axis',(0.707106781186547,-0.707106781186547,0.));
#1656=DIRECTION('',(0.,1.,0.));
#1657=DIRECTION('center_axis',(0.,0.,-1.));
#1658=DIRECTION('ref_axis',(0.707106781186547,0.707106781186547,0.));
#1659=DIRECTION('',(1.,-1.4312724924225E-15,0.));
#1660=DIRECTION('',(0.,1.,0.));
#1661=DIRECTION('',(1.,0.,0.));
#1662=DIRECTION('',(0.,-1.,0.));
#1663=DIRECTION('',(-1.,0.,0.));
#1664=DIRECTION('',(0.,1.,0.));
#1665=DIRECTION('center_axis',(0.,0.,1.));
#1666=DIRECTION('ref_axis',(-1.,0.,0.));
#1667=DIRECTION('',(0.,1.,0.));
#1668=DIRECTION('',(1.,0.,0.));
#1669=DIRECTION('',(0.,-1.,0.));
#1670=DIRECTION('',(-1.,0.,0.));
#1671=DIRECTION('',(0.,1.,0.));
#1672=DIRECTION('',(1.,0.,0.));
#1673=DIRECTION('',(0.,-1.,0.));
#1674=DIRECTION('',(-1.,0.,0.));
#1675=DIRECTION('',(0.,-1.,0.));
#1676=DIRECTION('',(-1.,0.,0.));
#1677=DIRECTION('',(0.,1.,0.));
#1678=DIRECTION('',(1.,0.,0.));
#1679=DIRECTION('',(-1.,0.,0.));
#1680=DIRECTION('',(0.,1.,0.));
#1681=DIRECTION('',(1.,0.,0.));
#1682=DIRECTION('',(0.,-1.,0.));
#1683=DIRECTION('',(-1.,0.,0.));
#1684=DIRECTION('',(0.,1.,0.));
#1685=DIRECTION('',(1.,0.,0.));
#1686=DIRECTION('',(0.,-1.,0.));
#1687=DIRECTION('',(0.,1.,0.));
#1688=DIRECTION('',(1.,0.,0.));
#1689=DIRECTION('',(0.,-1.,0.));
#1690=DIRECTION('',(-1.,0.,0.));
#1691=DIRECTION('center_axis',(0.,0.,-1.));
#1692=DIRECTION('ref_axis',(-1.,0.,0.));
#1693=DIRECTION('center_axis',(0.,0.,-1.));
#1694=DIRECTION('ref_axis',(-1.,0.,0.));
#1695=DIRECTION('center_axis',(0.,0.,-1.));
#1696=DIRECTION('ref_axis',(-1.,0.,0.));
#1697=DIRECTION('center_axis',(0.,0.,-1.));
#1698=DIRECTION('ref_axis',(-1.,0.,0.));
#1699=DIRECTION('center_axis',(0.,0.,1.));
#1700=DIRECTION('ref_axis',(0.707106781186547,0.707106781186547,0.));
#1701=DIRECTION('',(0.,0.,-1.));
#1702=DIRECTION('center_axis',(0.,0.,1.));
#1703=DIRECTION('ref_axis',(0.707106781186547,0.707106781186547,0.));
#1704=DIRECTION('center_axis',(1.,0.,0.));
#1705=DIRECTION('ref_axis',(0.,1.,0.));
#1706=DIRECTION('',(0.,0.,1.));
#1707=DIRECTION('',(0.,-1.,0.));
#1708=DIRECTION('center_axis',(0.,0.,1.));
#1709=DIRECTION('ref_axis',(0.707106781186547,-0.707106781186547,0.));
#1710=DIRECTION('',(0.,0.,-1.));
#1711=DIRECTION('center_axis',(0.,0.,1.));
#1712=DIRECTION('ref_axis',(0.707106781186547,-0.707106781186547,0.));
#1713=DIRECTION('center_axis',(0.,-1.,0.));
#1714=DIRECTION('ref_axis',(1.,0.,0.));
#1715=DIRECTION('',(0.,0.,1.));
#1716=DIRECTION('',(-1.,0.,0.));
#1717=DIRECTION('center_axis',(0.,0.,1.));
#1718=DIRECTION('ref_axis',(-0.707106781186547,-0.707106781186547,0.));
#1719=DIRECTION('',(0.,0.,-1.));
#1720=DIRECTION('center_axis',(0.,0.,1.));
#1721=DIRECTION('ref_axis',(-0.707106781186547,-0.707106781186547,0.));
#1722=DIRECTION('center_axis',(-1.,0.,0.));
#1723=DIRECTION('ref_axis',(0.,-1.,0.));
#1724=DIRECTION('',(0.,1.,0.));
#1725=DIRECTION('center_axis',(0.,0.,1.));
#1726=DIRECTION('ref_axis',(-1.,0.,0.));
#1727=DIRECTION('center_axis',(0.,0.,1.));
#1728=DIRECTION('ref_axis',(-1.,0.,0.));
#1729=DIRECTION('',(-0.70710678118654,-8.65956056235484E-17,-0.707106781186555));
#1730=DIRECTION('center_axis',(0.,0.,-1.));
#1731=DIRECTION('ref_axis',(-1.,0.,0.));
#1732=DIRECTION('center_axis',(0.,0.,1.));
#1733=DIRECTION('ref_axis',(-1.,0.,0.));
#1734=DIRECTION('center_axis',(0.,0.,1.));
#1735=DIRECTION('ref_axis',(-1.,0.,0.));
#1736=DIRECTION('',(0.,0.,1.));
#1737=DIRECTION('center_axis',(0.,0.,1.));
#1738=DIRECTION('ref_axis',(1.,0.,0.));
#1739=DIRECTION('center_axis',(0.,0.,-1.));
#1740=DIRECTION('ref_axis',(-1.,0.,0.));
#1741=DIRECTION('center_axis',(0.,0.,1.));
#1742=DIRECTION('ref_axis',(-1.,0.,0.));
#1743=DIRECTION('center_axis',(0.,0.,1.));
#1744=DIRECTION('ref_axis',(-1.,0.,0.));
#1745=DIRECTION('',(-0.707106781186547,-8.65956056235493E-17,-0.707106781186547));
#1746=DIRECTION('center_axis',(0.,0.,-1.));
#1747=DIRECTION('ref_axis',(-1.,0.,0.));
#1748=DIRECTION('center_axis',(0.,0.,1.));
#1749=DIRECTION('ref_axis',(-1.,0.,0.));
#1750=DIRECTION('center_axis',(0.,0.,1.));
#1751=DIRECTION('ref_axis',(-1.,0.,0.));
#1752=DIRECTION('',(0.,0.,1.));
#1753=DIRECTION('center_axis',(0.,0.,1.));
#1754=DIRECTION('ref_axis',(1.,0.,0.));
#1755=DIRECTION('center_axis',(0.,0.,-1.));
#1756=DIRECTION('ref_axis',(-1.,0.,0.));
#1757=DIRECTION('center_axis',(0.,0.,1.));
#1758=DIRECTION('ref_axis',(-1.,0.,0.));
#1759=DIRECTION('center_axis',(0.,0.,1.));
#1760=DIRECTION('ref_axis',(-1.,0.,0.));
#1761=DIRECTION('',(-0.707106781186548,-8.65956056235493E-17,-0.707106781186548));
#1762=DIRECTION('center_axis',(0.,0.,-1.));
#1763=DIRECTION('ref_axis',(-1.,0.,0.));
#1764=DIRECTION('center_axis',(0.,0.,1.));
#1765=DIRECTION('ref_axis',(-1.,0.,0.));
#1766=DIRECTION('center_axis',(0.,0.,1.));
#1767=DIRECTION('ref_axis',(-1.,0.,0.));
#1768=DIRECTION('',(0.,0.,1.));
#1769=DIRECTION('center_axis',(0.,0.,1.));
#1770=DIRECTION('ref_axis',(1.,0.,0.));
#1771=DIRECTION('center_axis',(0.,0.,-1.));
#1772=DIRECTION('ref_axis',(-1.,0.,0.));
#1773=DIRECTION('center_axis',(0.,0.,1.));
#1774=DIRECTION('ref_axis',(-1.,0.,0.));
#1775=DIRECTION('center_axis',(0.,0.,1.));
#1776=DIRECTION('ref_axis',(-1.,0.,0.));
#1777=DIRECTION('',(-0.70710678118654,-8.65956056235484E-17,-0.707106781186555));
#1778=DIRECTION('center_axis',(0.,0.,-1.));
#1779=DIRECTION('ref_axis',(-1.,0.,0.));
#1780=DIRECTION('center_axis',(0.,0.,1.));
#1781=DIRECTION('ref_axis',(-1.,0.,0.));
#1782=DIRECTION('center_axis',(0.,0.,1.));
#1783=DIRECTION('ref_axis',(-1.,0.,0.));
#1784=DIRECTION('',(0.,0.,1.));
#1785=DIRECTION('center_axis',(0.,0.,1.));
#1786=DIRECTION('ref_axis',(1.,0.,0.));
#1787=DIRECTION('center_axis',(0.,0.,-1.));
#1788=DIRECTION('ref_axis',(-1.,0.,0.));
#1789=DIRECTION('center_axis',(0.,0.,-1.));
#1790=DIRECTION('ref_axis',(-1.,0.,0.));
#1791=DIRECTION('',(0.,0.,-1.));
#1792=DIRECTION('center_axis',(0.,0.,-1.));
#1793=DIRECTION('ref_axis',(-1.,0.,0.));
#1794=DIRECTION('',(0.,0.,-1.));
#1795=DIRECTION('center_axis',(0.,0.,-1.));
#1796=DIRECTION('ref_axis',(-1.,0.,0.));
#1797=DIRECTION('',(0.,0.,-1.));
#1798=DIRECTION('center_axis',(0.,0.,-1.));
#1799=DIRECTION('ref_axis',(-1.,0.,0.));
#1800=DIRECTION('',(0.,0.,-1.));
#1801=DIRECTION('center_axis',(1.01206248511773E-15,0.707106781186552,0.707106781186543));
#1802=DIRECTION('ref_axis',(1.,0.,-1.43127249242252E-15));
#1803=DIRECTION('',(-0.577350269189628,0.577350269189621,-0.577350269189628));
#1804=DIRECTION('',(-1.,1.4312724924225E-15,0.));
#1805=DIRECTION('',(-0.577350269189624,0.57735026918963,-0.577350269189624));
#1806=DIRECTION('center_axis',(-0.707106781186548,0.,0.707106781186548));
#1807=DIRECTION('ref_axis',(0.707106781186548,0.,0.707106781186548));
#1808=DIRECTION('',(-0.577350269189626,-0.577350269189626,-0.577350269189626));
#1809=DIRECTION('',(0.,-1.,0.));
#1810=DIRECTION('center_axis',(-0.707106781186548,0.,0.707106781186548));
#1811=DIRECTION('ref_axis',(0.707106781186548,0.,0.707106781186548));
#1812=DIRECTION('',(0.,-1.,0.));
#1813=DIRECTION('',(0.577350269189626,-0.577350269189626,0.577350269189626));
#1814=DIRECTION('center_axis',(0.,-0.707106781186548,0.707106781186548));
#1815=DIRECTION('ref_axis',(1.,0.,0.));
#1816=DIRECTION('',(0.577350269189626,-0.577350269189626,-0.577350269189626));
#1817=DIRECTION('',(1.,0.,0.));
#1818=DIRECTION('center_axis',(0.707106781186548,0.,0.707106781186548));
#1819=DIRECTION('ref_axis',(0.707106781186548,0.,-0.707106781186548));
#1820=DIRECTION('',(0.577350269189626,0.577350269189626,-0.577350269189626));
#1821=DIRECTION('',(0.,1.,0.));
#1822=DIRECTION('center_axis',(0.,0.707106781186548,0.707106781186548));
#1823=DIRECTION('ref_axis',(1.,0.,0.));
#1824=DIRECTION('',(-1.,0.,0.));
#1825=DIRECTION('center_axis',(0.,-1.,0.));
#1826=DIRECTION('ref_axis',(-1.,0.,0.));
#1827=DIRECTION('',(0.,0.,-1.));
#1828=DIRECTION('',(1.,0.,0.));
#1829=DIRECTION('',(0.,0.,-1.));
#1830=DIRECTION('center_axis',(1.,0.,0.));
#1831=DIRECTION('ref_axis',(0.,-1.,0.));
#1832=DIRECTION('',(0.,0.,-1.));
#1833=DIRECTION('',(0.,1.,0.));
#1834=DIRECTION('center_axis',(-1.4312724924225E-15,-1.,0.));
#1835=DIRECTION('ref_axis',(-1.,1.4312724924225E-15,0.));
#1836=DIRECTION('',(0.,0.,-1.));
#1837=DIRECTION('',(1.,-1.4312724924225E-15,0.));
#1838=DIRECTION('center_axis',(-0.707106781186548,0.,0.707106781186548));
#1839=DIRECTION('ref_axis',(0.707106781186548,0.,0.707106781186548));
#1840=DIRECTION('',(-0.577350269189626,-0.577350269189626,-0.577350269189626));
#1841=DIRECTION('',(0.,-1.,0.));
#1842=DIRECTION('',(-0.577350269189626,0.577350269189626,-0.577350269189626));
#1843=DIRECTION('center_axis',(0.,-0.707106781186548,0.707106781186548));
#1844=DIRECTION('ref_axis',(1.,0.,0.));
#1845=DIRECTION('',(0.577350269189628,-0.577350269189625,-0.577350269189625));
#1846=DIRECTION('',(1.,0.,0.));
#1847=DIRECTION('center_axis',(0.,0.707106781186548,0.707106781186548));
#1848=DIRECTION('ref_axis',(1.,0.,0.));
#1849=DIRECTION('',(-1.,0.,0.));
#1850=DIRECTION('',(-0.577350269189628,-0.577350269189625,0.577350269189625));
#1851=DIRECTION('center_axis',(0.707106781186545,0.,0.70710678118655));
#1852=DIRECTION('ref_axis',(0.70710678118655,0.,-0.707106781186545));
#1853=DIRECTION('',(0.,1.,0.));
#1854=DIRECTION('center_axis',(0.,-1.,0.));
#1855=DIRECTION('ref_axis',(-1.,0.,0.));
#1856=DIRECTION('',(0.,0.,-1.));
#1857=DIRECTION('',(1.,0.,0.));
#1858=DIRECTION('',(0.,0.,-1.));
#1859=DIRECTION('center_axis',(1.,0.,0.));
#1860=DIRECTION('ref_axis',(0.,-1.,0.));
#1861=DIRECTION('',(0.,0.,-1.));
#1862=DIRECTION('',(0.,1.,0.));
#1863=DIRECTION('center_axis',(0.,0.,1.));
#1864=DIRECTION('ref_axis',(-1.,0.,0.));
#1865=DIRECTION('',(-0.707106781186548,-8.65956056235493E-17,-0.707106781186548));
#1866=DIRECTION('center_axis',(0.,0.,-1.));
#1867=DIRECTION('ref_axis',(-1.,0.,0.));
#1868=DIRECTION('center_axis',(0.,0.,-1.));
#1869=DIRECTION('ref_axis',(-1.,0.,0.));
#1870=DIRECTION('',(0.,0.,-1.));
#1871=DIRECTION('center_axis',(0.,0.,1.));
#1872=DIRECTION('ref_axis',(-1.,0.,0.));
#1873=DIRECTION('center_axis',(0.,0.707106781186548,0.707106781186548));
#1874=DIRECTION('ref_axis',(1.,0.,0.));
#1875=DIRECTION('',(-0.57735026918963,0.577350269189624,-0.577350269189624));
#1876=DIRECTION('',(-1.,0.,0.));
#1877=DIRECTION('',(0.577350269189626,0.577350269189626,-0.577350269189626));
#1878=DIRECTION('center_axis',(0.,-0.707106781186548,0.707106781186548));
#1879=DIRECTION('ref_axis',(1.,0.,0.));
#1880=DIRECTION('',(0.577350269189626,-0.577350269189626,-0.577350269189626));
#1881=DIRECTION('',(1.,0.,0.));
#1882=DIRECTION('',(0.57735026918963,0.577350269189624,0.577350269189624));
#1883=DIRECTION('center_axis',(0.707106781186548,0.,0.707106781186548));
#1884=DIRECTION('ref_axis',(0.707106781186548,0.,-0.707106781186548));
#1885=DIRECTION('',(0.,1.,0.));
#1886=DIRECTION('center_axis',(-0.707106781186543,0.,0.707106781186552));
#1887=DIRECTION('ref_axis',(0.707106781186552,0.,0.707106781186543));
#1888=DIRECTION('',(0.,-1.,0.));
#1889=DIRECTION('center_axis',(1.,0.,0.));
#1890=DIRECTION('ref_axis',(0.,-1.,0.));
#1891=DIRECTION('',(0.,0.,-1.));
#1892=DIRECTION('',(0.,1.,0.));
#1893=DIRECTION('',(0.,0.,-1.));
#1894=DIRECTION('center_axis',(0.,1.,0.));
#1895=DIRECTION('ref_axis',(1.,0.,0.));
#1896=DIRECTION('',(0.,0.,-1.));
#1897=DIRECTION('',(-1.,0.,0.));
#1898=DIRECTION('center_axis',(-0.707106781186548,0.,0.707106781186548));
#1899=DIRECTION('ref_axis',(0.707106781186548,0.,0.707106781186548));
#1900=DIRECTION('',(-0.577350269189627,-0.577350269189624,-0.577350269189627));
#1901=DIRECTION('',(0.,-1.,0.));
#1902=DIRECTION('',(0.577350269189626,-0.577350269189625,0.577350269189626));
#1903=DIRECTION('center_axis',(0.,-0.70710678118655,0.707106781186545));
#1904=DIRECTION('ref_axis',(1.,0.,0.));
#1905=DIRECTION('',(0.577350269189627,-0.577350269189624,-0.577350269189627));
#1906=DIRECTION('',(1.,0.,0.));
#1907=DIRECTION('center_axis',(0.707106781186548,0.,0.707106781186548));
#1908=DIRECTION('ref_axis',(0.707106781186548,0.,-0.707106781186548));
#1909=DIRECTION('',(0.577350269189626,0.577350269189625,-0.577350269189626));
#1910=DIRECTION('',(0.,1.,0.));
#1911=DIRECTION('center_axis',(0.,0.707106781186549,0.707106781186547));
#1912=DIRECTION('ref_axis',(1.,0.,0.));
#1913=DIRECTION('',(-1.,0.,0.));
#1914=DIRECTION('center_axis',(0.,-1.,0.));
#1915=DIRECTION('ref_axis',(-1.,0.,0.));
#1916=DIRECTION('',(0.,0.,-1.));
#1917=DIRECTION('',(1.,0.,0.));
#1918=DIRECTION('',(0.,0.,-1.));
#1919=DIRECTION('center_axis',(1.,0.,0.));
#1920=DIRECTION('ref_axis',(0.,-1.,0.));
#1921=DIRECTION('',(0.,0.,-1.));
#1922=DIRECTION('',(0.,1.,0.));
#1923=DIRECTION('center_axis',(0.,0.707106781186549,0.707106781186547));
#1924=DIRECTION('ref_axis',(1.,0.,0.));
#1925=DIRECTION('',(-0.577350269189626,0.577350269189625,-0.577350269189626));
#1926=DIRECTION('',(-1.,0.,0.));
#1927=DIRECTION('',(0.577350269189624,0.577350269189626,-0.577350269189627));
#1928=DIRECTION('center_axis',(0.,-0.70710678118655,0.707106781186545));
#1929=DIRECTION('ref_axis',(1.,0.,0.));
#1930=DIRECTION('',(0.577350269189625,-0.577350269189625,-0.577350269189628));
#1931=DIRECTION('',(1.,0.,0.));
#1932=DIRECTION('',(0.577350269189627,0.577350269189624,0.577350269189627));
#1933=DIRECTION('center_axis',(0.70710678118655,0.,0.707106781186545));
#1934=DIRECTION('ref_axis',(0.707106781186545,0.,-0.70710678118655));
#1935=DIRECTION('',(0.,1.,0.));
#1936=DIRECTION('center_axis',(-0.707106781186548,0.,0.707106781186548));
#1937=DIRECTION('ref_axis',(0.707106781186548,0.,0.707106781186548));
#1938=DIRECTION('',(0.,-1.,0.));
#1939=DIRECTION('center_axis',(1.,0.,0.));
#1940=DIRECTION('ref_axis',(0.,-1.,0.));
#1941=DIRECTION('',(0.,0.,-1.));
#1942=DIRECTION('',(0.,1.,0.));
#1943=DIRECTION('',(0.,0.,-1.));
#1944=DIRECTION('center_axis',(0.,1.,0.));
#1945=DIRECTION('ref_axis',(1.,0.,0.));
#1946=DIRECTION('',(0.,0.,-1.));
#1947=DIRECTION('',(-1.,0.,0.));
#1948=DIRECTION('center_axis',(-0.707106781186548,0.,0.707106781186547));
#1949=DIRECTION('ref_axis',(0.707106781186547,0.,0.707106781186548));
#1950=DIRECTION('',(-0.577350269189626,-0.577350269189624,-0.577350269189627));
#1951=DIRECTION('',(0.,-1.,0.));
#1952=DIRECTION('',(0.577350269189626,-0.577350269189625,0.577350269189627));
#1953=DIRECTION('center_axis',(0.,-0.70710678118655,0.707106781186545));
#1954=DIRECTION('ref_axis',(1.,0.,0.));
#1955=DIRECTION('',(0.577350269189627,-0.577350269189624,-0.577350269189627));
#1956=DIRECTION('',(1.,0.,0.));
#1957=DIRECTION('center_axis',(0.707106781186548,0.,0.707106781186548));
#1958=DIRECTION('ref_axis',(0.707106781186548,0.,-0.707106781186548));
#1959=DIRECTION('',(0.,1.,0.));
#1960=DIRECTION('',(0.577350269189625,0.577350269189625,-0.577350269189627));
#1961=DIRECTION('center_axis',(0.,0.707106781186549,0.707106781186547));
#1962=DIRECTION('ref_axis',(1.,0.,0.));
#1963=DIRECTION('',(-1.,0.,0.));
#1964=DIRECTION('center_axis',(0.,-1.,0.));
#1965=DIRECTION('ref_axis',(-1.,0.,0.));
#1966=DIRECTION('',(0.,0.,-1.));
#1967=DIRECTION('',(1.,0.,0.));
#1968=DIRECTION('',(0.,0.,-1.));
#1969=DIRECTION('center_axis',(1.,0.,0.));
#1970=DIRECTION('ref_axis',(0.,-1.,0.));
#1971=DIRECTION('',(0.,0.,-1.));
#1972=DIRECTION('',(0.,1.,0.));
#1973=DIRECTION('center_axis',(0.,-1.,0.));
#1974=DIRECTION('ref_axis',(-1.,0.,0.));
#1975=DIRECTION('',(1.,0.,0.));
#1976=DIRECTION('',(0.,0.,-1.));
#1977=DIRECTION('center_axis',(-1.,0.,0.));
#1978=DIRECTION('ref_axis',(0.,1.,0.));
#1979=DIRECTION('',(0.,-1.,0.));
#1980=DIRECTION('center_axis',(-1.,0.,0.));
#1981=DIRECTION('ref_axis',(0.,1.,0.));
#1982=DIRECTION('',(0.,-1.,0.));
#1983=DIRECTION('',(0.,0.,-1.));
#1984=DIRECTION('center_axis',(0.,1.,0.));
#1985=DIRECTION('ref_axis',(1.,0.,0.));
#1986=DIRECTION('',(-1.,0.,0.));
#1987=DIRECTION('center_axis',(0.,1.,0.));
#1988=DIRECTION('ref_axis',(1.,0.,0.));
#1989=DIRECTION('',(0.,0.,-1.));
#1990=DIRECTION('',(-1.,0.,0.));
#1991=DIRECTION('center_axis',(-1.,0.,0.));
#1992=DIRECTION('ref_axis',(0.,1.,0.));
#1993=DIRECTION('',(0.,-1.,0.));
#1994=DIRECTION('center_axis',(0.,1.,0.));
#1995=DIRECTION('ref_axis',(1.,0.,0.));
#1996=DIRECTION('',(0.,0.,-1.));
#1997=DIRECTION('',(-1.,0.,0.));
#1998=DIRECTION('',(0.,0.,-1.));
#1999=DIRECTION('center_axis',(-1.,0.,0.));
#2000=DIRECTION('ref_axis',(0.,1.,0.));
#2001=DIRECTION('',(0.,-1.,0.));
#2002=DIRECTION('center_axis',(1.,0.,0.));
#2003=DIRECTION('ref_axis',(0.,-1.,0.));
#2004=DIRECTION('',(0.,1.,0.));
#2005=DIRECTION('center_axis',(-1.,0.,0.));
#2006=DIRECTION('ref_axis',(0.,1.,0.));
#2007=DIRECTION('',(0.,-1.,0.));
#2008=DIRECTION('',(0.,0.,-1.));
#2009=DIRECTION('center_axis',(0.,1.,0.));
#2010=DIRECTION('ref_axis',(1.,0.,0.));
#2011=DIRECTION('',(-1.,0.,0.));
#2012=DIRECTION('center_axis',(0.,-1.,0.));
#2013=DIRECTION('ref_axis',(-1.,0.,0.));
#2014=DIRECTION('',(1.,0.,0.));
#2015=DIRECTION('',(0.,0.,-1.));
#2016=DIRECTION('center_axis',(-1.,0.,0.));
#2017=DIRECTION('ref_axis',(0.,1.,0.));
#2018=DIRECTION('',(0.,-1.,0.));
#2019=DIRECTION('center_axis',(-1.,0.,0.));
#2020=DIRECTION('ref_axis',(0.,1.,0.));
#2021=DIRECTION('',(0.,-1.,0.));
#2022=DIRECTION('',(0.,0.,-1.));
#2023=DIRECTION('',(0.,0.,-1.));
#2024=DIRECTION('center_axis',(0.,-1.,0.));
#2025=DIRECTION('ref_axis',(-1.,0.,0.));
#2026=DIRECTION('',(1.,0.,0.));
#2027=DIRECTION('',(0.,0.,-1.));
#2028=DIRECTION('center_axis',(1.,0.,0.));
#2029=DIRECTION('ref_axis',(0.,-1.,0.));
#2030=DIRECTION('',(0.,1.,0.));
#2031=DIRECTION('',(0.,0.,-1.));
#2032=DIRECTION('center_axis',(0.,1.,0.));
#2033=DIRECTION('ref_axis',(1.,0.,0.));
#2034=DIRECTION('',(-1.,0.,0.));
#2035=DIRECTION('center_axis',(0.,0.,1.));
#2036=DIRECTION('ref_axis',(1.,0.,0.));
#2037=CARTESIAN_POINT('',(0.,0.,0.));
#2038=CARTESIAN_POINT('Origin',(-19.5442586892018,65.8680963407537,33.));
#2039=CARTESIAN_POINT('',(-24.5442586892018,65.8680963407537,37.));
#2040=CARTESIAN_POINT('',(-19.5442586892018,70.8680963407537,37.));
#2041=CARTESIAN_POINT('Origin',(-19.5442586892018,65.8680963407537,37.));
#2042=CARTESIAN_POINT('',(-19.5442586892018,70.8680963407537,33.));
#2043=CARTESIAN_POINT('',(-19.5442586892018,70.8680963407537,33.));
#2044=CARTESIAN_POINT('',(-24.5442586892018,65.8680963407537,33.));
#2045=CARTESIAN_POINT('Origin',(-19.5442586892018,65.8680963407537,33.));
#2046=CARTESIAN_POINT('',(-24.5442586892018,65.8680963407537,33.));
#2047=CARTESIAN_POINT('Origin',(87.4557413107949,70.8680963407537,33.));
#2048=CARTESIAN_POINT('',(82.4557413107949,70.8680963407537,37.));
#2049=CARTESIAN_POINT('',(59.4557413107957,70.8680963407537,37.));
#2050=CARTESIAN_POINT('',(82.4557413107949,70.8680963407537,33.));
#2051=CARTESIAN_POINT('',(82.4557413107949,70.8680963407537,33.));
#2052=CARTESIAN_POINT('',(59.4557413107957,70.8680963407537,33.));
#2053=CARTESIAN_POINT('Origin',(31.4557413107966,35.9273463407537,37.));
#2054=CARTESIAN_POINT('',(-24.5442586892018,5.98659634075368,37.));
#2055=CARTESIAN_POINT('',(-24.5442586892018,53.3977213407537,37.));
#2056=CARTESIAN_POINT('',(-19.5442586892018,0.986596340753678,37.));
#2057=CARTESIAN_POINT('Origin',(-19.5442586892018,5.98659634075368,37.));
#2058=CARTESIAN_POINT('',(82.4557413107949,0.986596340753678,37.));
#2059=CARTESIAN_POINT('',(3.4557413107974,0.986596340753678,37.));
#2060=CARTESIAN_POINT('',(87.4557413107949,5.98659634075368,37.));
#2061=CARTESIAN_POINT('Origin',(82.4557413107949,5.98659634075368,37.));
#2062=CARTESIAN_POINT('',(87.4557413107949,65.8680963407537,37.));
#2063=CARTESIAN_POINT('',(87.4557413107949,18.4569713407537,37.));
#2064=CARTESIAN_POINT('Origin',(82.4557413107949,65.8680963407537,37.));
#2065=CARTESIAN_POINT('',(62.7546568507273,50.7470409390492,37.));
#2066=CARTESIAN_POINT('',(65.6210738760834,50.7470409390492,37.));
#2067=CARTESIAN_POINT('',(48.16340759344,50.7470409390492,37.));
#2068=CARTESIAN_POINT('',(62.7546568507273,36.1183586153166,37.));
#2069=CARTESIAN_POINT('',(62.7546568507273,43.7121936399014,37.));
#2070=CARTESIAN_POINT('',(45.5045262011503,36.1183586153166,37.));
#2071=CARTESIAN_POINT('',(46.7301990807619,36.1183586153166,37.));
#2072=CARTESIAN_POINT('',(45.5045262011503,60.3180380831776,37.));
#2073=CARTESIAN_POINT('',(45.5045262011503,36.3978524780351,37.));
#2074=CARTESIAN_POINT('',(65.6210738760834,60.3180380831776,37.));
#2075=CARTESIAN_POINT('',(38.8551337559734,60.3180380831776,37.));
#2076=CARTESIAN_POINT('',(65.6210738760834,47.7476922119656,37.));
#2077=CARTESIAN_POINT('',(78.7557413107981,44.9865963407537,37.));
#2078=CARTESIAN_POINT('Origin',(71.0057413107981,44.9865963407537,37.));
#2079=CARTESIAN_POINT('',(52.4407413107978,15.6205963407542,37.));
#2080=CARTESIAN_POINT('',(52.4407413107978,34.3705963407542,37.));
#2081=CARTESIAN_POINT('',(52.4407413107978,34.7739713407539,37.));
#2082=CARTESIAN_POINT('',(33.6907413107978,15.6205963407542,37.));
#2083=CARTESIAN_POINT('',(41.5732413107972,15.6205963407542,37.));
#2084=CARTESIAN_POINT('',(33.6907413107978,34.3705963407542,37.));
#2085=CARTESIAN_POINT('',(33.6907413107978,26.1489713407539,37.));
#2086=CARTESIAN_POINT('',(32.9482413107972,34.3705963407542,37.));
#2087=CARTESIAN_POINT('',(6.26074131079801,15.6205963407542,37.));
#2088=CARTESIAN_POINT('',(6.26074131079801,34.3705963407542,37.));
#2089=CARTESIAN_POINT('',(6.26074131079801,34.7739713407539,37.));
#2090=CARTESIAN_POINT('',(-12.489258689202,15.6205963407542,37.));
#2091=CARTESIAN_POINT('',(18.4832413107973,15.6205963407542,37.));
#2092=CARTESIAN_POINT('',(-12.489258689202,34.3705963407542,37.));
#2093=CARTESIAN_POINT('',(-12.489258689202,26.1489713407539,37.));
#2094=CARTESIAN_POINT('',(9.85824131079728,34.3705963407542,37.));
#2095=CARTESIAN_POINT('',(15.0999248206253,60.2406211785216,37.));
#2096=CARTESIAN_POINT('',(15.0999248206253,54.1873733204253,37.));
#2097=CARTESIAN_POINT('',(15.0999248206253,48.0839837596376,37.));
#2098=CARTESIAN_POINT('',(-5.91829690887552,54.1873733204253,37.));
#2099=CARTESIAN_POINT('',(23.277833065711,54.1873733204253,37.));
#2100=CARTESIAN_POINT('',(-5.91829690887552,60.2406211785216,37.));
#2101=CARTESIAN_POINT('',(-5.91829690887552,45.0573598305895,37.));
#2102=CARTESIAN_POINT('',(12.7687222009605,60.2406211785216,37.));
#2103=CARTESIAN_POINT('',(29.6007413107979,34.3705963407542,37.));
#2104=CARTESIAN_POINT('',(10.8507413107979,34.3705963407542,37.));
#2105=CARTESIAN_POINT('',(21.5282413107972,34.3705963407542,37.));
#2106=CARTESIAN_POINT('',(29.6007413107979,15.6205963407542,37.));
#2107=CARTESIAN_POINT('',(29.6007413107979,34.7739713407539,37.));
#2108=CARTESIAN_POINT('',(10.8507413107979,15.6205963407542,37.));
#2109=CARTESIAN_POINT('',(30.1532413107972,15.6205963407542,37.));
#2110=CARTESIAN_POINT('',(10.8507413107979,26.1489713407539,37.));
#2111=CARTESIAN_POINT('',(75.2807413107975,34.3705963407542,37.));
#2112=CARTESIAN_POINT('',(56.5307413107975,34.3705963407542,37.));
#2113=CARTESIAN_POINT('',(44.368241310797,34.3705963407542,37.));
#2114=CARTESIAN_POINT('',(75.2807413107975,15.6205963407542,37.));
#2115=CARTESIAN_POINT('',(75.2807413107975,34.7739713407539,37.));
#2116=CARTESIAN_POINT('',(56.5307413107975,15.6205963407542,37.));
#2117=CARTESIAN_POINT('',(52.993241310797,15.6205963407542,37.));
#2118=CARTESIAN_POINT('',(56.5307413107975,26.1489713407539,37.));
#2119=CARTESIAN_POINT('',(42.4169578314287,37.6316705798407,37.));
#2120=CARTESIAN_POINT('',(42.4169578314287,60.3180380831776,37.));
#2121=CARTESIAN_POINT('',(42.4169578314287,47.7476922119656,37.));
#2122=CARTESIAN_POINT('',(20.0668811310496,37.6316705798407,37.));
#2123=CARTESIAN_POINT('',(36.5613495711126,37.6316705798407,37.));
#2124=CARTESIAN_POINT('',(20.0668811310496,60.3180380831776,37.));
#2125=CARTESIAN_POINT('',(20.0668811310496,37.1545084602972,37.));
#2126=CARTESIAN_POINT('',(26.1363112209231,60.3180380831776,37.));
#2127=CARTESIAN_POINT('',(-16.9445430215772,65.9183170719709,37.));
#2128=CARTESIAN_POINT('Origin',(-19.5945430215772,65.9183170719709,37.));
#2129=CARTESIAN_POINT('',(-16.9445430215772,5.93637560953647,37.));
#2130=CARTESIAN_POINT('Origin',(-19.5945430215772,5.93637560953647,37.));
#2131=CARTESIAN_POINT('',(85.1559620420121,65.9183806731291,37.));
#2132=CARTESIAN_POINT('Origin',(82.5059620420121,65.9183806731291,37.));
#2133=CARTESIAN_POINT('',(85.1559620420121,5.93631200837824,37.));
#2134=CARTESIAN_POINT('Origin',(82.5059620420121,5.93631200837824,37.));
#2135=CARTESIAN_POINT('Origin',(82.4557413107949,65.8680963407537,33.));
#2136=CARTESIAN_POINT('',(87.4557413107949,65.8680963407537,33.));
#2137=CARTESIAN_POINT('',(87.4557413107949,65.8680963407537,33.));
#2138=CARTESIAN_POINT('Origin',(82.4557413107949,65.8680963407537,33.));
#2139=CARTESIAN_POINT('Origin',(87.4557413107949,0.986596340753678,33.));
#2140=CARTESIAN_POINT('',(87.4557413107949,5.98659634075368,33.));
#2141=CARTESIAN_POINT('',(87.4557413107949,5.98659634075368,33.));
#2142=CARTESIAN_POINT('',(87.4557413107949,18.4569713407537,33.));
#2143=CARTESIAN_POINT('Origin',(82.4557413107949,5.98659634075368,33.));
#2144=CARTESIAN_POINT('',(82.4557413107949,0.986596340753678,33.));
#2145=CARTESIAN_POINT('',(82.4557413107949,0.986596340753678,33.));
#2146=CARTESIAN_POINT('Origin',(82.4557413107949,5.98659634075368,33.));
#2147=CARTESIAN_POINT('Origin',(-24.5442586892018,0.986596340753678,33.));
#2148=CARTESIAN_POINT('',(-19.5442586892018,0.986596340753678,33.));
#2149=CARTESIAN_POINT('',(-19.5442586892018,0.986596340753678,33.));
#2150=CARTESIAN_POINT('',(3.4557413107974,0.986596340753678,33.));
#2151=CARTESIAN_POINT('Origin',(-19.5442586892018,5.98659634075368,33.));
#2152=CARTESIAN_POINT('',(-24.5442586892018,5.98659634075368,33.));
#2153=CARTESIAN_POINT('',(-24.5442586892018,5.98659634075368,33.));
#2154=CARTESIAN_POINT('Origin',(-19.5442586892018,5.98659634075368,33.));
#2155=CARTESIAN_POINT('Origin',(-24.5442586892018,70.8680963407537,33.));
#2156=CARTESIAN_POINT('',(-24.5442586892018,53.3977213407537,33.));
#2157=CARTESIAN_POINT('Origin',(82.5059620420121,65.9183806731291,35.9));
#2158=CARTESIAN_POINT('',(84.4059620420121,65.9183806731291,36.));
#2159=CARTESIAN_POINT('Origin',(82.5059620420121,65.9183806731291,36.));
#2160=CARTESIAN_POINT('',(84.2059620420121,65.9183806731291,35.8));
#2161=CARTESIAN_POINT('',(84.3059620420121,65.9183806731291,35.9));
#2162=CARTESIAN_POINT('Origin',(82.5059620420121,65.9183806731291,35.8));
#2163=CARTESIAN_POINT('Origin',(82.5059620420121,65.9183806731291,33.));
#2164=CARTESIAN_POINT('',(84.2059620420121,65.9183806731291,33.));
#2165=CARTESIAN_POINT('Origin',(82.5059620420121,65.9183806731291,33.));
#2166=CARTESIAN_POINT('',(84.2059620420121,65.9183806731291,33.));
#2167=CARTESIAN_POINT('Origin',(31.4557095102174,35.9273463407537,36.));
#2168=CARTESIAN_POINT('',(85.1559620420121,65.9183806731291,36.));
#2169=CARTESIAN_POINT('Origin',(82.5059620420121,65.9183806731291,36.));
#2170=CARTESIAN_POINT('Origin',(-19.5945430215772,65.9183170719709,35.9));
#2171=CARTESIAN_POINT('',(-17.6945430215772,65.9183170719709,36.));
#2172=CARTESIAN_POINT('Origin',(-19.5945430215772,65.9183170719709,36.));
#2173=CARTESIAN_POINT('',(-17.8945430215772,65.9183170719709,35.8));
#2174=CARTESIAN_POINT('',(-17.7945430215772,65.9183170719709,35.9));
#2175=CARTESIAN_POINT('Origin',(-19.5945430215772,65.9183170719709,35.8));
#2176=CARTESIAN_POINT('Origin',(-19.5945430215772,65.9183170719709,33.));
#2177=CARTESIAN_POINT('',(-17.8945430215772,65.9183170719709,33.));
#2178=CARTESIAN_POINT('Origin',(-19.5945430215772,65.9183170719709,33.));
#2179=CARTESIAN_POINT('',(-17.8945430215772,65.9183170719709,33.));
#2180=CARTESIAN_POINT('Origin',(31.4557095102174,35.9273463407537,36.));
#2181=CARTESIAN_POINT('',(-16.9445430215772,65.9183170719709,36.));
#2182=CARTESIAN_POINT('Origin',(-19.5945430215772,65.9183170719709,36.));
#2183=CARTESIAN_POINT('Origin',(-19.5945430215772,5.93637560953647,35.9));
#2184=CARTESIAN_POINT('',(-17.6945430215772,5.93637560953647,36.));
#2185=CARTESIAN_POINT('Origin',(-19.5945430215772,5.93637560953647,36.));
#2186=CARTESIAN_POINT('',(-17.8945430215772,5.93637560953647,35.8));
#2187=CARTESIAN_POINT('',(-17.7945430215772,5.93637560953647,35.9));
#2188=CARTESIAN_POINT('Origin',(-19.5945430215772,5.93637560953647,35.8));
#2189=CARTESIAN_POINT('Origin',(-19.5945430215772,5.93637560953647,33.));
#2190=CARTESIAN_POINT('',(-17.8945430215772,5.93637560953647,33.));
#2191=CARTESIAN_POINT('Origin',(-19.5945430215772,5.93637560953647,33.));
#2192=CARTESIAN_POINT('',(-17.8945430215772,5.93637560953647,33.));
#2193=CARTESIAN_POINT('Origin',(31.4557095102174,35.9273463407537,36.));
#2194=CARTESIAN_POINT('',(-16.9445430215772,5.93637560953647,36.));
#2195=CARTESIAN_POINT('Origin',(-19.5945430215772,5.93637560953647,36.));
#2196=CARTESIAN_POINT('Origin',(82.5059620420121,5.93631200837824,35.9));
#2197=CARTESIAN_POINT('',(84.4059620420121,5.93631200837824,36.));
#2198=CARTESIAN_POINT('Origin',(82.5059620420121,5.93631200837824,36.));
#2199=CARTESIAN_POINT('',(84.2059620420121,5.93631200837824,35.8));
#2200=CARTESIAN_POINT('',(84.3059620420121,5.93631200837824,35.9));
#2201=CARTESIAN_POINT('Origin',(82.5059620420121,5.93631200837824,35.8));
#2202=CARTESIAN_POINT('Origin',(82.5059620420121,5.93631200837824,33.));
#2203=CARTESIAN_POINT('',(84.2059620420121,5.93631200837824,33.));
#2204=CARTESIAN_POINT('Origin',(82.5059620420121,5.93631200837824,33.));
#2205=CARTESIAN_POINT('',(84.2059620420121,5.93631200837824,33.));
#2206=CARTESIAN_POINT('Origin',(31.4557095102174,35.9273463407537,36.));
#2207=CARTESIAN_POINT('',(85.1559620420121,5.93631200837824,36.));
#2208=CARTESIAN_POINT('Origin',(82.5059620420121,5.93631200837824,36.));
#2209=CARTESIAN_POINT('Origin',(82.5059620420121,5.93631200837824,37.));
#2210=CARTESIAN_POINT('',(85.1559620420121,5.93631200837824,37.));
#2211=CARTESIAN_POINT('Origin',(82.5059620420121,65.9183806731291,37.));
#2212=CARTESIAN_POINT('',(85.1559620420121,65.9183806731291,37.));
#2213=CARTESIAN_POINT('Origin',(-19.5945430215772,5.93637560953647,37.));
#2214=CARTESIAN_POINT('',(-16.9445430215772,5.93637560953647,37.));
#2215=CARTESIAN_POINT('Origin',(-19.5945430215772,65.9183170719709,37.));
#2216=CARTESIAN_POINT('',(-16.9445430215772,65.9183170719709,37.));
#2217=CARTESIAN_POINT('Origin',(48.16340759344,51.1220409390492,36.625));
#2218=CARTESIAN_POINT('',(64.8710738760834,51.4970409390492,36.25));
#2219=CARTESIAN_POINT('',(65.6210738760834,50.7470409390492,37.));
#2220=CARTESIAN_POINT('',(62.0046568507273,51.4970409390492,36.25));
#2221=CARTESIAN_POINT('',(48.16340759344,51.4970409390492,36.25));
#2222=CARTESIAN_POINT('',(62.7546568507273,50.7470409390492,37.));
#2223=CARTESIAN_POINT('Origin',(65.2460738760834,47.7476922119656,36.625));
#2224=CARTESIAN_POINT('',(64.8710738760834,59.5680380831776,36.25));
#2225=CARTESIAN_POINT('',(65.6210738760834,60.3180380831776,37.));
#2226=CARTESIAN_POINT('',(64.8710738760834,47.7476922119656,36.25));
#2227=CARTESIAN_POINT('Origin',(62.3796568507273,43.7121936399014,36.625));
#2228=CARTESIAN_POINT('',(62.0046568507273,36.8683586153166,36.25));
#2229=CARTESIAN_POINT('',(62.0046568507273,43.7121936399014,36.25));
#2230=CARTESIAN_POINT('',(62.0046568507273,36.8683586153166,36.25));
#2231=CARTESIAN_POINT('Origin',(38.8551337559734,59.9430380831776,36.625));
#2232=CARTESIAN_POINT('',(46.2545262011503,59.5680380831776,36.25));
#2233=CARTESIAN_POINT('',(45.5045262011503,60.3180380831776,37.));
#2234=CARTESIAN_POINT('',(38.8551337559734,59.5680380831776,36.25));
#2235=CARTESIAN_POINT('Origin',(45.8795262011503,36.3978524780351,36.625));
#2236=CARTESIAN_POINT('',(46.2545262011503,36.8683586153166,36.25));
#2237=CARTESIAN_POINT('',(45.5045262011503,36.1183586153166,37.));
#2238=CARTESIAN_POINT('',(46.2545262011503,36.3978524780351,36.25));
#2239=CARTESIAN_POINT('Origin',(46.7301990807619,36.4933586153166,36.625));
#2240=CARTESIAN_POINT('',(46.7301990807619,36.8683586153166,36.25));
#2241=CARTESIAN_POINT('Origin',(62.0046568507273,36.8683586153166,37.));
#2242=CARTESIAN_POINT('',(62.0046568507273,36.8683586153166,33.));
#2243=CARTESIAN_POINT('',(62.0046568507273,36.8683586153166,37.));
#2244=CARTESIAN_POINT('',(46.2545262011503,36.8683586153166,33.));
#2245=CARTESIAN_POINT('',(46.7301990807619,36.8683586153166,33.));
#2246=CARTESIAN_POINT('',(46.2545262011503,36.8683586153166,37.));
#2247=CARTESIAN_POINT('Origin',(62.0046568507273,51.4970409390492,37.));
#2248=CARTESIAN_POINT('',(62.0046568507273,51.4970409390492,33.));
#2249=CARTESIAN_POINT('',(62.0046568507273,51.4970409390492,37.));
#2250=CARTESIAN_POINT('',(62.0046568507273,43.7121936399014,33.));
#2251=CARTESIAN_POINT('Origin',(64.8710738760834,51.4970409390492,37.));
#2252=CARTESIAN_POINT('',(64.8710738760834,51.4970409390492,33.));
#2253=CARTESIAN_POINT('',(64.8710738760834,51.4970409390492,37.));
#2254=CARTESIAN_POINT('',(48.16340759344,51.4970409390492,33.));
#2255=CARTESIAN_POINT('Origin',(42.0419578314287,47.7476922119656,36.625));
#2256=CARTESIAN_POINT('',(41.6669578314287,59.5680380831776,36.25));
#2257=CARTESIAN_POINT('',(42.4169578314287,60.3180380831776,37.));
#2258=CARTESIAN_POINT('',(41.6669578314287,38.3816705798407,36.25));
#2259=CARTESIAN_POINT('',(41.6669578314287,47.7476922119656,36.25));
#2260=CARTESIAN_POINT('',(42.4169578314287,37.6316705798407,37.));
#2261=CARTESIAN_POINT('Origin',(26.1363112209231,59.9430380831776,36.625));
#2262=CARTESIAN_POINT('',(20.8168811310496,59.5680380831776,36.25));
#2263=CARTESIAN_POINT('',(20.0668811310496,60.3180380831776,37.));
#2264=CARTESIAN_POINT('',(26.1363112209231,59.5680380831776,36.25));
#2265=CARTESIAN_POINT('Origin',(36.5613495711126,38.0066705798407,36.625));
#2266=CARTESIAN_POINT('',(20.8168811310496,38.3816705798407,36.25));
#2267=CARTESIAN_POINT('',(36.5613495711126,38.3816705798407,36.25));
#2268=CARTESIAN_POINT('',(20.8168811310496,38.3816705798407,36.25));
#2269=CARTESIAN_POINT('Origin',(20.4418811310496,37.1545084602972,36.625));
#2270=CARTESIAN_POINT('',(20.8168811310496,37.1545084602972,36.25));
#2271=CARTESIAN_POINT('Origin',(41.6669578314287,38.3816705798407,37.));
#2272=CARTESIAN_POINT('',(41.6669578314287,38.3816705798407,33.));
#2273=CARTESIAN_POINT('',(41.6669578314287,38.3816705798407,37.));
#2274=CARTESIAN_POINT('',(20.8168811310496,38.3816705798407,33.));
#2275=CARTESIAN_POINT('',(36.5613495711126,38.3816705798407,33.));
#2276=CARTESIAN_POINT('',(20.8168811310496,38.3816705798407,37.));
#2277=CARTESIAN_POINT('Origin',(41.6669578314287,59.5680380831776,37.));
#2278=CARTESIAN_POINT('',(41.6669578314287,59.5680380831776,33.));
#2279=CARTESIAN_POINT('',(41.6669578314287,59.5680380831776,37.));
#2280=CARTESIAN_POINT('',(41.6669578314287,47.7476922119656,33.));
#2281=CARTESIAN_POINT('Origin',(71.0057413107981,44.9865963407537,36.625));
#2282=CARTESIAN_POINT('',(78.0057413107981,44.9865963407537,36.25));
#2283=CARTESIAN_POINT('',(78.3807413107981,44.9865963407537,36.625));
#2284=CARTESIAN_POINT('Origin',(71.0057413107981,44.9865963407537,36.25));
#2285=CARTESIAN_POINT('Origin',(71.0057413107981,44.9865963407537,37.));
#2286=CARTESIAN_POINT('',(78.0057413107981,44.9865963407537,33.));
#2287=CARTESIAN_POINT('',(78.0057413107981,44.9865963407537,37.));
#2288=CARTESIAN_POINT('Origin',(71.0057413107981,44.9865963407537,33.));
#2289=CARTESIAN_POINT('Origin',(52.993241310797,15.9955963407542,36.625));
#2290=CARTESIAN_POINT('',(74.5307413107975,16.3705963407542,36.25));
#2291=CARTESIAN_POINT('',(75.2807413107975,15.6205963407542,37.));
#2292=CARTESIAN_POINT('',(57.2807413107975,16.3705963407542,36.25));
#2293=CARTESIAN_POINT('',(52.993241310797,16.3705963407542,36.25));
#2294=CARTESIAN_POINT('',(56.5307413107975,15.6205963407542,37.));
#2295=CARTESIAN_POINT('Origin',(44.368241310797,33.9955963407542,36.625));
#2296=CARTESIAN_POINT('',(57.2807413107975,33.6205963407542,36.25));
#2297=CARTESIAN_POINT('',(56.5307413107975,34.3705963407542,37.));
#2298=CARTESIAN_POINT('',(74.5307413107975,33.6205963407542,36.25));
#2299=CARTESIAN_POINT('',(44.368241310797,33.6205963407542,36.25));
#2300=CARTESIAN_POINT('',(74.5307413107975,33.6205963407542,36.25));
#2301=CARTESIAN_POINT('Origin',(56.9057413107975,26.1489713407539,36.625));
#2302=CARTESIAN_POINT('',(57.2807413107975,26.1489713407539,36.25));
#2303=CARTESIAN_POINT('Origin',(74.9057413107975,34.7739713407539,36.625));
#2304=CARTESIAN_POINT('',(74.5307413107975,34.7739713407539,36.25));
#2305=CARTESIAN_POINT('Origin',(74.5307413107975,33.6205963407542,37.));
#2306=CARTESIAN_POINT('',(74.5307413107975,33.6205963407542,33.));
#2307=CARTESIAN_POINT('',(74.5307413107975,33.6205963407542,37.));
#2308=CARTESIAN_POINT('',(74.5307413107975,16.3705963407542,33.));
#2309=CARTESIAN_POINT('',(74.5307413107975,34.7739713407539,33.));
#2310=CARTESIAN_POINT('',(74.5307413107975,16.3705963407542,37.));
#2311=CARTESIAN_POINT('Origin',(57.2807413107975,33.6205963407542,37.));
#2312=CARTESIAN_POINT('',(57.2807413107975,33.6205963407542,33.));
#2313=CARTESIAN_POINT('',(57.2807413107975,33.6205963407542,37.));
#2314=CARTESIAN_POINT('',(44.368241310797,33.6205963407542,33.));
#2315=CARTESIAN_POINT('Origin',(52.0657413107978,34.7739713407539,36.625));
#2316=CARTESIAN_POINT('',(51.6907413107978,33.6205963407542,36.25));
#2317=CARTESIAN_POINT('',(52.4407413107978,34.3705963407542,37.));
#2318=CARTESIAN_POINT('',(51.6907413107978,16.3705963407542,36.25));
#2319=CARTESIAN_POINT('',(51.6907413107978,34.7739713407539,36.25));
#2320=CARTESIAN_POINT('',(51.6907413107978,16.3705963407542,36.25));
#2321=CARTESIAN_POINT('Origin',(32.9482413107972,33.9955963407542,36.625));
#2322=CARTESIAN_POINT('',(34.4407413107978,33.6205963407542,36.25));
#2323=CARTESIAN_POINT('',(33.6907413107978,34.3705963407542,37.));
#2324=CARTESIAN_POINT('',(32.9482413107972,33.6205963407542,36.25));
#2325=CARTESIAN_POINT('Origin',(34.0657413107978,26.1489713407539,36.625));
#2326=CARTESIAN_POINT('',(34.4407413107978,16.3705963407542,36.25));
#2327=CARTESIAN_POINT('',(33.6907413107978,15.6205963407542,37.));
#2328=CARTESIAN_POINT('',(34.4407413107978,26.1489713407539,36.25));
#2329=CARTESIAN_POINT('Origin',(41.5732413107972,15.9955963407542,36.625));
#2330=CARTESIAN_POINT('',(41.5732413107972,16.3705963407542,36.25));
#2331=CARTESIAN_POINT('Origin',(51.6907413107978,16.3705963407542,37.));
#2332=CARTESIAN_POINT('',(51.6907413107978,16.3705963407542,33.));
#2333=CARTESIAN_POINT('',(51.6907413107978,16.3705963407542,37.));
#2334=CARTESIAN_POINT('',(34.4407413107978,16.3705963407542,33.));
#2335=CARTESIAN_POINT('',(41.5732413107972,16.3705963407542,33.));
#2336=CARTESIAN_POINT('',(34.4407413107978,16.3705963407542,37.));
#2337=CARTESIAN_POINT('Origin',(51.6907413107978,33.6205963407542,37.));
#2338=CARTESIAN_POINT('',(51.6907413107978,33.6205963407542,33.));
#2339=CARTESIAN_POINT('',(51.6907413107978,33.6205963407542,37.));
#2340=CARTESIAN_POINT('',(51.6907413107978,34.7739713407539,33.));
#2341=CARTESIAN_POINT('Origin',(30.1532413107972,15.9955963407542,36.625));
#2342=CARTESIAN_POINT('',(28.8507413107979,16.3705963407542,36.25));
#2343=CARTESIAN_POINT('',(29.6007413107979,15.6205963407542,37.));
#2344=CARTESIAN_POINT('',(11.6007413107979,16.3705963407542,36.25));
#2345=CARTESIAN_POINT('',(30.1532413107972,16.3705963407542,36.25));
#2346=CARTESIAN_POINT('',(10.8507413107979,15.6205963407542,37.));
#2347=CARTESIAN_POINT('Origin',(21.5282413107972,33.9955963407542,36.625));
#2348=CARTESIAN_POINT('',(11.6007413107979,33.6205963407542,36.25));
#2349=CARTESIAN_POINT('',(10.8507413107979,34.3705963407542,37.));
#2350=CARTESIAN_POINT('',(28.8507413107979,33.6205963407542,36.25));
#2351=CARTESIAN_POINT('',(21.5282413107972,33.6205963407542,36.25));
#2352=CARTESIAN_POINT('',(28.8507413107979,33.6205963407542,36.25));
#2353=CARTESIAN_POINT('Origin',(11.2257413107979,26.1489713407539,36.625));
#2354=CARTESIAN_POINT('',(11.6007413107979,26.1489713407539,36.25));
#2355=CARTESIAN_POINT('Origin',(29.2257413107979,34.7739713407539,36.625));
#2356=CARTESIAN_POINT('',(28.8507413107979,34.7739713407539,36.25));
#2357=CARTESIAN_POINT('Origin',(28.8507413107979,33.6205963407542,37.));
#2358=CARTESIAN_POINT('',(28.8507413107979,33.6205963407542,33.));
#2359=CARTESIAN_POINT('',(28.8507413107979,33.6205963407542,37.));
#2360=CARTESIAN_POINT('',(28.8507413107979,16.3705963407542,33.));
#2361=CARTESIAN_POINT('',(28.8507413107979,34.7739713407539,33.));
#2362=CARTESIAN_POINT('',(28.8507413107979,16.3705963407542,37.));
#2363=CARTESIAN_POINT('Origin',(11.6007413107979,33.6205963407542,37.));
#2364=CARTESIAN_POINT('',(11.6007413107979,33.6205963407542,33.));
#2365=CARTESIAN_POINT('',(11.6007413107979,33.6205963407542,37.));
#2366=CARTESIAN_POINT('',(21.5282413107972,33.6205963407542,33.));
#2367=CARTESIAN_POINT('Origin',(5.88574131079801,34.7739713407539,36.625));
#2368=CARTESIAN_POINT('',(5.51074131079801,33.6205963407542,36.25));
#2369=CARTESIAN_POINT('',(6.26074131079801,34.3705963407542,37.));
#2370=CARTESIAN_POINT('',(5.51074131079801,16.3705963407542,36.25));
#2371=CARTESIAN_POINT('',(5.51074131079801,34.7739713407539,36.25));
#2372=CARTESIAN_POINT('',(5.51074131079801,16.3705963407542,36.25));
#2373=CARTESIAN_POINT('Origin',(9.85824131079728,33.9955963407542,36.625));
#2374=CARTESIAN_POINT('',(-11.739258689202,33.6205963407542,36.25));
#2375=CARTESIAN_POINT('',(-12.489258689202,34.3705963407542,37.));
#2376=CARTESIAN_POINT('',(9.85824131079728,33.6205963407542,36.25));
#2377=CARTESIAN_POINT('Origin',(-12.114258689202,26.1489713407539,36.625));
#2378=CARTESIAN_POINT('',(-11.739258689202,16.3705963407542,36.25));
#2379=CARTESIAN_POINT('',(-11.739258689202,26.1489713407539,36.25));
#2380=CARTESIAN_POINT('',(-12.489258689202,15.6205963407542,37.));
#2381=CARTESIAN_POINT('Origin',(18.4832413107973,15.9955963407542,36.625));
#2382=CARTESIAN_POINT('',(18.4832413107973,16.3705963407542,36.25));
#2383=CARTESIAN_POINT('Origin',(5.51074131079801,16.3705963407542,37.));
#2384=CARTESIAN_POINT('',(5.51074131079801,16.3705963407542,33.));
#2385=CARTESIAN_POINT('',(5.51074131079801,16.3705963407542,37.));
#2386=CARTESIAN_POINT('',(-11.739258689202,16.3705963407542,33.));
#2387=CARTESIAN_POINT('',(18.4832413107973,16.3705963407542,33.));
#2388=CARTESIAN_POINT('',(-11.739258689202,16.3705963407542,37.));
#2389=CARTESIAN_POINT('Origin',(5.51074131079801,33.6205963407542,37.));
#2390=CARTESIAN_POINT('',(5.51074131079801,33.6205963407542,33.));
#2391=CARTESIAN_POINT('',(5.51074131079801,33.6205963407542,37.));
#2392=CARTESIAN_POINT('',(5.51074131079802,34.7739713407539,33.));
#2393=CARTESIAN_POINT('Origin',(74.5307413107975,16.3705963407542,37.));
#2394=CARTESIAN_POINT('',(57.2807413107975,16.3705963407542,33.));
#2395=CARTESIAN_POINT('',(52.993241310797,16.3705963407542,33.));
#2396=CARTESIAN_POINT('',(57.2807413107975,16.3705963407542,37.));
#2397=CARTESIAN_POINT('Origin',(57.2807413107975,16.3705963407542,37.));
#2398=CARTESIAN_POINT('',(57.2807413107975,26.1489713407539,33.));
#2399=CARTESIAN_POINT('Origin',(34.4407413107978,16.3705963407542,37.));
#2400=CARTESIAN_POINT('',(34.4407413107978,33.6205963407542,33.));
#2401=CARTESIAN_POINT('',(34.4407413107978,26.1489713407539,33.));
#2402=CARTESIAN_POINT('',(34.4407413107978,33.6205963407542,37.));
#2403=CARTESIAN_POINT('Origin',(34.4407413107978,33.6205963407542,37.));
#2404=CARTESIAN_POINT('',(32.9482413107972,33.6205963407542,33.));
#2405=CARTESIAN_POINT('Origin',(20.8168811310496,59.5680380831776,37.));
#2406=CARTESIAN_POINT('',(20.8168811310496,59.5680380831776,33.));
#2407=CARTESIAN_POINT('',(20.8168811310496,59.5680380831776,37.));
#2408=CARTESIAN_POINT('',(26.1363112209231,59.5680380831776,33.));
#2409=CARTESIAN_POINT('Origin',(20.8168811310496,38.3816705798407,37.));
#2410=CARTESIAN_POINT('',(20.8168811310496,37.1545084602972,33.));
#2411=CARTESIAN_POINT('Origin',(46.2545262011503,59.5680380831776,37.));
#2412=CARTESIAN_POINT('',(46.2545262011503,59.5680380831776,33.));
#2413=CARTESIAN_POINT('',(46.2545262011503,59.5680380831776,37.));
#2414=CARTESIAN_POINT('',(64.8710738760834,59.5680380831776,33.));
#2415=CARTESIAN_POINT('',(38.8551337559734,59.5680380831776,33.));
#2416=CARTESIAN_POINT('',(64.8710738760834,59.5680380831776,37.));
#2417=CARTESIAN_POINT('Origin',(46.2545262011503,36.8683586153166,37.));
#2418=CARTESIAN_POINT('',(46.2545262011503,36.3978524780351,33.));
#2419=CARTESIAN_POINT('Origin',(64.8710738760834,59.5680380831776,37.));
#2420=CARTESIAN_POINT('',(64.8710738760834,47.7476922119656,33.));
#2421=CARTESIAN_POINT('Origin',(-11.739258689202,16.3705963407542,37.));
#2422=CARTESIAN_POINT('',(-11.739258689202,33.6205963407542,33.));
#2423=CARTESIAN_POINT('',(-11.739258689202,26.1489713407539,33.));
#2424=CARTESIAN_POINT('',(-11.739258689202,33.6205963407542,37.));
#2425=CARTESIAN_POINT('Origin',(-11.739258689202,33.6205963407542,37.));
#2426=CARTESIAN_POINT('',(9.85824131079728,33.6205963407542,33.));
#2427=CARTESIAN_POINT('Origin',(28.8507413107979,16.3705963407542,37.));
#2428=CARTESIAN_POINT('',(11.6007413107979,16.3705963407542,33.));
#2429=CARTESIAN_POINT('',(30.1532413107972,16.3705963407542,33.));
#2430=CARTESIAN_POINT('',(11.6007413107979,16.3705963407542,37.));
#2431=CARTESIAN_POINT('Origin',(11.6007413107979,16.3705963407542,37.));
#2432=CARTESIAN_POINT('',(11.6007413107979,26.1489713407539,33.));
#2433=CARTESIAN_POINT('Origin',(-5.91829690887552,54.1873733204253,37.));
#2434=CARTESIAN_POINT('',(-5.91829690887552,60.2406211785216,33.));
#2435=CARTESIAN_POINT('',(-5.91829690887552,54.1873733204253,33.));
#2436=CARTESIAN_POINT('',(-5.91829690887552,45.0573598305895,33.));
#2437=CARTESIAN_POINT('',(-5.91829690887552,60.2406211785216,37.));
#2438=CARTESIAN_POINT('',(-5.91829690887552,54.1873733204253,37.));
#2439=CARTESIAN_POINT('Origin',(15.0999248206253,54.1873733204253,37.));
#2440=CARTESIAN_POINT('',(15.0999248206253,54.1873733204253,33.));
#2441=CARTESIAN_POINT('',(23.277833065711,54.1873733204253,33.));
#2442=CARTESIAN_POINT('',(15.0999248206253,54.1873733204253,37.));
#2443=CARTESIAN_POINT('Origin',(15.0999248206253,60.2406211785216,37.));
#2444=CARTESIAN_POINT('',(15.0999248206253,60.2406211785216,33.));
#2445=CARTESIAN_POINT('',(15.0999248206253,48.0839837596376,33.));
#2446=CARTESIAN_POINT('',(15.0999248206253,60.2406211785216,37.));
#2447=CARTESIAN_POINT('Origin',(-5.91829690887552,60.2406211785216,37.));
#2448=CARTESIAN_POINT('',(12.7687222009605,60.2406211785216,33.));
#2449=CARTESIAN_POINT('Origin',(31.4557413107966,35.9273463407537,33.));
#2450=UNCERTAINTY_MEASURE_WITH_UNIT(LENGTH_MEASURE(0.01),#2454,
'DISTANCE_ACCURACY_VALUE',
'Maximum model space distance between geometric entities at asserted c
onnectivities');
#2451=UNCERTAINTY_MEASURE_WITH_UNIT(LENGTH_MEASURE(0.01),#2454,
'DISTANCE_ACCURACY_VALUE',
'Maximum model space distance between geometric entities at asserted c
onnectivities');
#2452=(
GEOMETRIC_REPRESENTATION_CONTEXT(3)
GLOBAL_UNCERTAINTY_ASSIGNED_CONTEXT((#2450))
GLOBAL_UNIT_ASSIGNED_CONTEXT((#2454,#2455,#2456))
REPRESENTATION_CONTEXT('','3D')
);
#2453=(
GEOMETRIC_REPRESENTATION_CONTEXT(3)
GLOBAL_UNCERTAINTY_ASSIGNED_CONTEXT((#2451))
GLOBAL_UNIT_ASSIGNED_CONTEXT((#2454,#2455,#2456))
REPRESENTATION_CONTEXT('','3D')
);
#2454=(
LENGTH_UNIT()
NAMED_UNIT(*)
SI_UNIT(.MILLI.,.METRE.)
);
#2455=(
NAMED_UNIT(*)
PLANE_ANGLE_UNIT()
SI_UNIT($,.RADIAN.)
);
#2456=(
NAMED_UNIT(*)
SI_UNIT($,.STERADIAN.)
SOLID_ANGLE_UNIT()
);
#2457=SHAPE_DEFINITION_REPRESENTATION(#2458,#2459);
#2458=PRODUCT_DEFINITION_SHAPE('',$,#2461);
#2459=SHAPE_REPRESENTATION('',(#1517),#2452);
#2460=PRODUCT_DEFINITION_CONTEXT('part definition',#2465,'design');
#2461=PRODUCT_DEFINITION('2026-08-29-21-56-22-098','BLARE-Alam-Clock',#2462,
#2460);
#2462=PRODUCT_DEFINITION_FORMATION('',$,#2467);
#2463=PRODUCT_RELATED_PRODUCT_CATEGORY('BLARE-Alam-Clock',
'BLARE-Alam-Clock',(#2467));
#2464=APPLICATION_PROTOCOL_DEFINITION('international standard',
'automotive_design',2009,#2465);
#2465=APPLICATION_CONTEXT(
'Core Data for Automotive Mechanical Design Process');
#2466=PRODUCT_CONTEXT('part definition',#2465,'mechanical');
#2467=PRODUCT('2026-08-29-21-56-22-098','BLARE-Alam-Clock',$,(#2466));
#2468=PRESENTATION_STYLE_ASSIGNMENT((#2471));
#2469=PRESENTATION_STYLE_ASSIGNMENT((#2472));
#2470=PRESENTATION_STYLE_ASSIGNMENT((#2473));
#2471=SURFACE_STYLE_USAGE(.BOTH.,#2474);
#2472=SURFACE_STYLE_USAGE(.BOTH.,#2475);
#2473=SURFACE_STYLE_USAGE(.BOTH.,#2476);
#2474=SURFACE_SIDE_STYLE('',(#2477));
#2475=SURFACE_SIDE_STYLE('',(#2478));
#2476=SURFACE_SIDE_STYLE('',(#2479));
#2477=SURFACE_STYLE_FILL_AREA(#2480);
#2478=SURFACE_STYLE_FILL_AREA(#2481);
#2479=SURFACE_STYLE_FILL_AREA(#2482);
#2480=FILL_AREA_STYLE('Steel - Satin',(#2483));
#2481=FILL_AREA_STYLE('ABS (White)',(#2484));
#2482=FILL_AREA_STYLE('ABS (White) (1)',(#2485));
#2483=FILL_AREA_STYLE_COLOUR('Steel - Satin',#2486);
#2484=FILL_AREA_STYLE_COLOUR('ABS (White)',#2487);
#2485=FILL_AREA_STYLE_COLOUR('ABS (White) (1)',#2488);
#2486=COLOUR_RGB('Steel - Satin',0.627450980392157,0.627450980392157,0.627450980392157);
#2487=COLOUR_RGB('ABS (White)',0.380392156862745,0.776470588235294,0.501960784313725);
#2488=COLOUR_RGB('ABS (White) (1)',0.76078431372549,0.882352941176471,0.537254901960784);
ENDSEC;
END-ISO-10303-21;
